NFL Draft grades , 0 , 61.220.10.207 , 0.715011 , 0.16 , -1 , 0
o4RNDYpN62tNLLOr1y3kB4jSQ5vezZRR , 0 , 61.220.11.54 , 0.727337 , -1 , -1 , 1
NASCAR , 0 , 203.110.240.191 , 0.779461 , 0.17 , 0.0354 , 0
WDX7q4IRlo1VpEIBy9c6duJSkm0pSEYH , 0 , 203.110.240.191 , 0.711339 , -1 , 0.0288 , 1
White House Correspondents Dinner 2013 , 0 , 203.110.240.191 , 0.704532 , 0.18 , 0.0345 , 0
br8CkiYlyE5pThim9MH32RU2BdcS6jzJ , 0 , 168.126.63.65 , 0.722382 , -1 , -1 , 1
UFC , 0 , 140.138.2.109 , 0.707155 , 0.13 , -1 , 0
yVdGK4IyseGE6WmC2w5w2jymJ186AqTD , 0 , 203.110.240.191 , 0.705465 , -1 , 0.0331 , 1
Yvette Prieto , 0 , 106.187.2.17 , 0.771525 , 0.14 , -1 , 0
nIwnk9A6BuOTo5ExOsc60IkZepaEp5CA , 0 , 203.110.240.191 , 0.706774 , -1 , 0.0281 , 1
Lakers , 0 , 202.28.18.65 , 0.96167 , 0.21 , -1 , 0
7qhsPQNMhfCTQFo0aUl9Ceh8ePGwWA8i , 0 , 203.110.240.191 , 0.700128 , -1 , 0.0293 , 1
Marcus Lattimore , 0 , 203.110.240.191 , 0.746206 , 0.13 , 0.0288 , 0
zjRaGrAklqTDIvK7kcJrmnRnWvcLCPpD , 0 , 203.110.240.191 , 0.724967 , -1 , 0.0403 , 1
Tyler Bray , 0 , 61.220.10.204 , 0.861362 , 0.12 , -1 , 0
OQPPMQqFzfzUE1wIbs0Yu7ETbf7K4E4P , 0 , 203.110.240.191 , 0.733626 , -1 , 0.023 , 1
George Jones , 0 , 202.218.56.12 , 0.85257 , 0.23 , -1 , 0
CBQLxKKj4UHp33VtY8NeXsNqIXwTf3ei , 0 , 203.110.240.191 , 0.727124 , -1 , 0.0326 , 1
Tyrann Mathieu , 0 , 203.110.240.191 , 0.77745 , 0.21 , 0.0304 , 0
FBqB2TZR788lDTyP3m4xKM7YRtLDRm7L , 0 , 219.146.2.35 , 0.71469 , -1 , -1 , 1
NFL Draft grades , 1 , 203.110.240.191 , 0.726734 , 0.16 , 0.0287 , 0
o4RNDYpN62tNLLOr1y3kB4jSQ5vezZRR , 1 , 203.110.240.191 , 0.717774 , -1 , 0.0271 , 1
NASCAR , 1 , 8.0.16.45 , 0.785711 , 0.21 , -1 , 0
WDX7q4IRlo1VpEIBy9c6duJSkm0pSEYH , 1 , 203.110.240.191 , 0.732314 , -1 , 0.0324 , 1
White House Correspondents Dinner 2013 , 1 , 203.110.240.191 , 0.719635 , 0.16 , 0.0293 , 0
br8CkiYlyE5pThim9MH32RU2BdcS6jzJ , 1 , 203.110.240.191 , 0.710213 , -1 , 0.0322 , 1
UFC , 1 , 8.0.16.43 , 0.715695 , 0.17 , -1 , 0
yVdGK4IyseGE6WmC2w5w2jymJ186AqTD , 1 , 192.221.144.132 , 0.712435 , -1 , -1 , 1
Yvette Prieto , 1 , 192.221.144.26 , 0.742796 , 0.17 , -1 , 0
nIwnk9A6BuOTo5ExOsc60IkZepaEp5CA , 1 , 203.110.240.191 , 0.685005 , -1 , 0.0287 , 1
Lakers , 1 , 203.110.240.191 , 0.961829 , 0.22 , 0.0293 , 0
7qhsPQNMhfCTQFo0aUl9Ceh8ePGwWA8i , 1 , 61.220.11.43 , 0.700706 , -1 , -1 , 1
Marcus Lattimore , 1 , 203.110.240.191 , 0.745805 , 0.16 , 0.0249 , 0
zjRaGrAklqTDIvK7kcJrmnRnWvcLCPpD , 1 , 203.110.240.191 , 0.689157 , -1 , 0.0349 , 1
Tyler Bray , 1 , 202.203.128.33 , 0.783726 , 0.23 , -1 , 0
OQPPMQqFzfzUE1wIbs0Yu7ETbf7K4E4P , 1 , 106.187.2.19 , 0.695619 , -1 , -1 , 1
George Jones , 1 , 203.110.240.191 , 1.039198 , 0.27 , 0.0284 , 0
CBQLxKKj4UHp33VtY8NeXsNqIXwTf3ei , 1 , 203.110.240.191 , 0.695243 , -1 , 0.0248 , 1
Tyrann Mathieu , 1 , 202.51.19.14 , 0.737303 , 0.15 , -1 , 0
FBqB2TZR788lDTyP3m4xKM7YRtLDRm7L , 1 , 203.110.240.191 , 0.68884 , -1 , 0.0405 , 1
NFL Draft grades , 2 , 139.175.252.22 , 0.701034 , 0.14 , -1 , 0
o4RNDYpN62tNLLOr1y3kB4jSQ5vezZRR , 2 , 203.16.177.3 , 0.705056 , -1 , -1 , 1
NASCAR , 2 , 203.110.240.191 , 0.741143 , 0.16 , 0.0258 , 0
WDX7q4IRlo1VpEIBy9c6duJSkm0pSEYH , 2 , 140.138.2.109 , 0.703157 , -1 , -1 , 1
White House Correspondents Dinner 2013 , 2 , 203.110.240.191 , 0.698433 , 0.17 , 0.0332 , 0
br8CkiYlyE5pThim9MH32RU2BdcS6jzJ , 2 , 203.110.240.191 , 0.696487 , -1 , 0.0357 , 1
UFC , 2 , 61.220.11.81 , 0.737927 , 0.2 , -1 , 0
yVdGK4IyseGE6WmC2w5w2jymJ186AqTD , 2 , 204.13.248.180 , 0.682401 , -1 , -1 , 1
Yvette Prieto , 2 , 203.110.240.191 , 0.816156 , 0.22 , 0.0236 , 0
nIwnk9A6BuOTo5ExOsc60IkZepaEp5CA , 2 , 139.175.55.232 , 0.699266 , -1 , -1 , 1
Lakers , 2 , 61.220.8.131 , 0.92526 , 0.23 , -1 , 0
7qhsPQNMhfCTQFo0aUl9Ceh8ePGwWA8i , 2 , 203.110.240.191 , 0.701159 , -1 , 0.0332 , 1
Marcus Lattimore , 2 , 203.110.240.191 , 0.75124 , 0.13 , 0.0303 , 0
zjRaGrAklqTDIvK7kcJrmnRnWvcLCPpD , 2 , 61.220.8.74 , 0.700178 , -1 , -1 , 1
Tyler Bray , 2 , 61.220.8.74 , 0.751054 , 0.15 , -1 , 0
OQPPMQqFzfzUE1wIbs0Yu7ETbf7K4E4P , 2 , 140.138.2.107 , 0.696157 , -1 , -1 , 1
George Jones , 2 , 203.110.240.191 , 0.865001 , 0.26 , 0.0309 , 0
CBQLxKKj4UHp33VtY8NeXsNqIXwTf3ei , 2 , 203.110.240.191 , 0.704878 , -1 , 0.0383 , 1
Tyrann Mathieu , 2 , 203.110.240.191 , 0.93089 , 0.25 , 0.0267 , 0
FBqB2TZR788lDTyP3m4xKM7YRtLDRm7L , 2 , 203.110.240.191 , 0.69846 , -1 , 0.0251 , 1
NFL Draft grades , 3 , 61.220.8.85 , 0.69115 , -1 , -1 , 0
o4RNDYpN62tNLLOr1y3kB4jSQ5vezZRR , 3 , 203.110.240.191 , 0.694603 , -1 , 0.0325 , 1
NASCAR , 3 , 203.110.240.191 , 0.789614 , 0.22 , 0.0339 , 0
WDX7q4IRlo1VpEIBy9c6duJSkm0pSEYH , 3 , 82.151.110.254 , 0.701818 , -1 , -1 , 1
White House Correspondents Dinner 2013 , 3 , 61.220.8.221 , 0.689818 , 0.19 , -1 , 0
br8CkiYlyE5pThim9MH32RU2BdcS6jzJ , 3 , 139.175.252.17 , 0.701339 , -1 , -1 , 1
UFC , 3 , 140.138.2.104 , 0.73647 , 0.2 , -1 , 0
yVdGK4IyseGE6WmC2w5w2jymJ186AqTD , 3 , 203.110.240.191 , 0.711585 , -1 , 0.036 , 1
Yvette Prieto , 3 , 203.110.240.191 , 0.788385 , 0.19 , 0.0363 , 0
nIwnk9A6BuOTo5ExOsc60IkZepaEp5CA , 3 , 74.125.189.16 , 0.69811 , -1 , -1 , 1
Lakers , 3 , 192.221.154.209 , 0.922719 , 0.2 , -1 , 0
7qhsPQNMhfCTQFo0aUl9Ceh8ePGwWA8i , 3 , 116.212.205.250 , 0.735186 , -1 , -1 , 1
Marcus Lattimore , 3 , 203.110.240.191 , 0.8106 , 0.2 , 0.0312 , 0
zjRaGrAklqTDIvK7kcJrmnRnWvcLCPpD , 3 , 118.98.223.13 , 0.714037 , -1 , -1 , 1
Tyler Bray , 3 , 111.87.4.81 , 0.774866 , 0.19 , -1 , 0
OQPPMQqFzfzUE1wIbs0Yu7ETbf7K4E4P , 3 , 61.220.0.76 , 0.737128 , -1 , -1 , 1
George Jones , 3 , 182.162.226.86 , 0.805432 , 0.18 , -1 , 0
CBQLxKKj4UHp33VtY8NeXsNqIXwTf3ei , 3 , 203.110.240.191 , 0.739209 , -1 , 0.031 , 1
Tyrann Mathieu , 3 , 168.95.192.49 , 0.79342 , 0.16 , -1 , 0
FBqB2TZR788lDTyP3m4xKM7YRtLDRm7L , 3 , 61.220.2.37 , 0.713256 , -1 , -1 , 1
NFL Draft grades , 4 , 139.175.252.17 , 0.753448 , 0.13 , -1 , 0
o4RNDYpN62tNLLOr1y3kB4jSQ5vezZRR , 4 , 139.175.252.24 , 0.710502 , -1 , -1 , 1
NASCAR , 4 , 61.220.8.111 , 0.807099 , 0.21 , -1 , 0
WDX7q4IRlo1VpEIBy9c6duJSkm0pSEYH , 4 , 203.110.240.191 , 0.704292 , -1 , 0.0306 , 1
White House Correspondents Dinner 2013 , 4 , 150.55.4.4 , 0.705612 , 0.18 , -1 , 0
br8CkiYlyE5pThim9MH32RU2BdcS6jzJ , 4 , 61.220.11.107 , 0.704262 , -1 , -1 , 1
UFC , 4 , 61.220.10.112 , 0.989553 , 0.44 , -1 , 0
yVdGK4IyseGE6WmC2w5w2jymJ186AqTD , 4 , 203.110.240.191 , 0.70714 , -1 , 0.0327 , 1
Yvette Prieto , 4 , 203.110.240.191 , 0.821423 , 0.2 , 0.0334 , 0
nIwnk9A6BuOTo5ExOsc60IkZepaEp5CA , 4 , 203.110.240.191 , 0.697031 , -1 , 0.0319 , 1
Lakers , 4 , 203.110.240.191 , 0.996114 , 0.25 , 0.027 , 0
7qhsPQNMhfCTQFo0aUl9Ceh8ePGwWA8i , 4 , 165.21.100.90 , 0.697484 , -1 , -1 , 1
Marcus Lattimore , 4 , 139.175.55.246 , 0.77143 , 0.15 , -1 , 0
zjRaGrAklqTDIvK7kcJrmnRnWvcLCPpD , 4 , 192.221.144.21 , 0.685656 , -1 , -1 , 1
Tyler Bray , 4 , 61.220.8.18 , 0.709572 , 0.12 , -1 , 0
OQPPMQqFzfzUE1wIbs0Yu7ETbf7K4E4P , 4 , 61.220.10.42 , 0.698243 , -1 , -1 , 1
George Jones , 4 , 61.220.10.42 , 0.915318 , 0.3 , -1 , 0
CBQLxKKj4UHp33VtY8NeXsNqIXwTf3ei , 4 , 61.220.10.107 , 0.709416 , -1 , -1 , 1
Tyrann Mathieu , 4 , 203.110.240.191 , 0.842147 , 0.23 , 0.036 , 0
FBqB2TZR788lDTyP3m4xKM7YRtLDRm7L , 4 , 203.110.240.191 , 0.694116 , -1 , 0.0376 , 1
NFL Draft grades , 5 , 139.175.55.246 , 0.691212 , 0.15 , -1 , 0
o4RNDYpN62tNLLOr1y3kB4jSQ5vezZRR , 5 , 202.188.1.9 , 0.6904 , -1 , -1 , 1
NASCAR , 5 , 61.220.8.67 , 0.82267 , 0.22 , -1 , 0
WDX7q4IRlo1VpEIBy9c6duJSkm0pSEYH , 5 , 203.110.240.191 , 0.691831 , -1 , 0.0327 , 1
White House Correspondents Dinner 2013 , 5 , 203.110.240.191 , 0.705217 , 0.17 , 0.0329 , 0
br8CkiYlyE5pThim9MH32RU2BdcS6jzJ , 5 , 203.110.240.191 , 0.697343 , -1 , 0.0327 , 1
UFC , 5 , 139.175.252.20 , 0.716447 , 0.18 , -1 , 0
yVdGK4IyseGE6WmC2w5w2jymJ186AqTD , 5 , 61.220.8.181 , 0.721105 , -1 , -1 , 1
Yvette Prieto , 5 , 61.220.10.72 , 0.811207 , 0.21 , -1 , 0
nIwnk9A6BuOTo5ExOsc60IkZepaEp5CA , 5 , 203.110.240.191 , 0.702794 , -1 , 0.0282 , 1
Lakers , 5 , 203.110.240.191 , 0.945134 , 0.21 , 0.0325 , 0
7qhsPQNMhfCTQFo0aUl9Ceh8ePGwWA8i , 5 , 61.220.8.218 , 0.728788 , -1 , -1 , 1
Marcus Lattimore , 5 , 61.220.10.64 , 0.805458 , -1 , -1 , 0
zjRaGrAklqTDIvK7kcJrmnRnWvcLCPpD , 5 , 203.110.240.191 , 0.733481 , -1 , 0.032 , 1
Tyler Bray , 5 , 219.243.239.1 , 0.733858 , 0.16 , -1 , 0
OQPPMQqFzfzUE1wIbs0Yu7ETbf7K4E4P , 5 , 168.95.43.42 , 0.732066 , -1 , -1 , 1
George Jones , 5 , 203.110.240.191 , 0.959514 , 0.32 , 0.0353 , 0
CBQLxKKj4UHp33VtY8NeXsNqIXwTf3ei , 5 , 203.110.240.191 , 0.740905 , -1 , 0.0322 , 1
Tyrann Mathieu , 5 , 139.175.252.22 , 0.85214 , 0.23 , -1 , 0
FBqB2TZR788lDTyP3m4xKM7YRtLDRm7L , 5 , 139.175.55.246 , 0.725211 , -1 , -1 , 1
NFL Draft grades , 6 , 203.110.240.191 , 0.733542 , 0.14 , 0.0302 , 0
o4RNDYpN62tNLLOr1y3kB4jSQ5vezZRR , 6 , 80.169.158.122 , 0.72256 , -1 , -1 , 1
NASCAR , 6 , 203.110.240.191 , 0.820664 , 0.23 , 0.0258 , 0
WDX7q4IRlo1VpEIBy9c6duJSkm0pSEYH , 6 , 61.220.8.39 , 0.745439 , -1 , -1 , 1
White House Correspondents Dinner 2013 , 6 , 61.220.11.84 , 0.71339 , 0.16 , -1 , 0
br8CkiYlyE5pThim9MH32RU2BdcS6jzJ , 6 , 203.110.240.191 , 0.721677 , -1 , 0.0274 , 1
UFC , 6 , 203.110.240.191 , 0.809749 , 0.25 , 0.0335 , 0
yVdGK4IyseGE6WmC2w5w2jymJ186AqTD , 6 , 208.69.33.17 , 0.724637 , -1 , -1 , 1
Yvette Prieto , 6 , 211.98.72.8 , 0.847969 , 0.23 , -1 , 0
nIwnk9A6BuOTo5ExOsc60IkZepaEp5CA , 6 , 168.95.43.29 , 0.716918 , -1 , -1 , 1
Lakers , 6 , 61.220.10.143 , 0.96361 , 0.22 , -1 , 0
7qhsPQNMhfCTQFo0aUl9Ceh8ePGwWA8i , 6 , 192.192.91.1 , 0.725392 , -1 , -1 , 1
Marcus Lattimore , 6 , 140.138.2.104 , 0.769457 , 0.13 , -1 , 0
zjRaGrAklqTDIvK7kcJrmnRnWvcLCPpD , 6 , 203.110.240.191 , 0.71999 , -1 , 0.0406 , 1
Tyler Bray , 6 , 80.169.158.122 , 0.743122 , 0.17 , -1 , 0
OQPPMQqFzfzUE1wIbs0Yu7ETbf7K4E4P , 6 , 203.110.240.191 , 0.734831 , -1 , 0.0307 , 1
George Jones , 6 , 203.110.240.191 , 0.887392 , 0.25 , 0.0311 , 0
CBQLxKKj4UHp33VtY8NeXsNqIXwTf3ei , 6 , 203.110.240.191 , 0.720668 , -1 , 0.0367 , 1
Tyrann Mathieu , 6 , 203.110.240.191 , 0.840262 , 0.23 , 0.0276 , 0
FBqB2TZR788lDTyP3m4xKM7YRtLDRm7L , 6 , 213.248.1.6 , 0.72692 , -1 , -1 , 1
NFL Draft grades , 7 , 140.138.2.107 , 0.744484 , 0.17 , -1 , 0
o4RNDYpN62tNLLOr1y3kB4jSQ5vezZRR , 7 , 203.110.240.191 , 0.725174 , -1 , 0.0305 , 1
NASCAR , 7 , 139.175.55.232 , 0.823086 , 0.2 , -1 , 0
WDX7q4IRlo1VpEIBy9c6duJSkm0pSEYH , 7 , 203.110.240.191 , 0.722778 , -1 , 0.0234 , 1
White House Correspondents Dinner 2013 , 7 , 139.175.252.24 , 0.720708 , 0.16 , -1 , 0
br8CkiYlyE5pThim9MH32RU2BdcS6jzJ , 7 , 61.220.8.77 , 0.722071 , -1 , -1 , 1
UFC , 7 , 203.110.240.191 , 0.787158 , 0.22 , 0.0346 , 0
yVdGK4IyseGE6WmC2w5w2jymJ186AqTD , 7 , 203.110.240.191 , 0.72004 , -1 , 0.0338 , 1
Yvette Prieto , 7 , 203.110.240.191 , 0.857875 , 0.25 , 0.029 , 0
nIwnk9A6BuOTo5ExOsc60IkZepaEp5CA , 7 , 203.110.240.191 , 0.734538 , -1 , 0.0263 , 1
Lakers , 7 , 168.95.43.154 , 0.924501 , 0.2 , -1 , 0
7qhsPQNMhfCTQFo0aUl9Ceh8ePGwWA8i , 7 , 139.175.252.17 , 0.727477 , -1 , -1 , 1
Marcus Lattimore , 7 , 203.110.240.191 , 0.837278 , 0.21 , 0.0344 , 0
zjRaGrAklqTDIvK7kcJrmnRnWvcLCPpD , 7 , 133.64.2.9 , 0.740624 , -1 , -1 , 1
Tyler Bray , 7 , 203.110.240.191 , 0.728535 , 0.17 , 0.0279 , 0
OQPPMQqFzfzUE1wIbs0Yu7ETbf7K4E4P , 7 , 139.175.252.20 , 0.723 , -1 , -1 , 1
George Jones , 7 , 203.110.240.191 , 0.879085 , 0.25 , 0.036 , 0
CBQLxKKj4UHp33VtY8NeXsNqIXwTf3ei , 7 , 203.110.240.191 , 0.725054 , -1 , 0.0316 , 1
Tyrann Mathieu , 7 , 203.110.240.191 , 0.852842 , 0.23 , 0.0304 , 0
FBqB2TZR788lDTyP3m4xKM7YRtLDRm7L , 7 , 203.110.240.191 , 0.724983 , -1 , 0.0254 , 1
NFL Draft grades , 8 , 61.220.2.116 , 0.726268 , 0.17 , -1 , 0
o4RNDYpN62tNLLOr1y3kB4jSQ5vezZRR , 8 , 94.241.128.3 , 0.741809 , -1 , -1 , 1
NASCAR , 8 , 203.160.57.11 , 0.77143 , 0.21 , -1 , 0
WDX7q4IRlo1VpEIBy9c6duJSkm0pSEYH , 8 , 203.110.240.191 , 0.729759 , -1 , 0.0319 , 1
White House Correspondents Dinner 2013 , 8 , 203.110.240.191 , 0.722291 , 0.17 , 0.031 , 0
br8CkiYlyE5pThim9MH32RU2BdcS6jzJ , 8 , 203.110.240.191 , 0.767133 , -1 , 0.024 , 1
UFC , 8 , 139.175.252.20 , 0.781648 , 0.2 , -1 , 0
yVdGK4IyseGE6WmC2w5w2jymJ186AqTD , 8 , 203.110.240.191 , 0.7393 , -1 , 0.0295 , 1
Yvette Prieto , 8 , 61.220.11.13 , 0.898965 , 0.28 , -1 , 0
nIwnk9A6BuOTo5ExOsc60IkZepaEp5CA , 8 , 203.110.240.191 , 0.726868 , -1 , 0.0361 , 1
Lakers , 8 , 203.110.240.191 , 0.894181 , -1 , 0.0239 , 0
7qhsPQNMhfCTQFo0aUl9Ceh8ePGwWA8i , 8 , 61.220.10.136 , 0.721809 , -1 , -1 , 1
Marcus Lattimore , 8 , 203.110.240.191 , 0.812017 , 0.19 , 0.0343 , 0
zjRaGrAklqTDIvK7kcJrmnRnWvcLCPpD , 8 , 203.110.240.191 , 0.718614 , -1 , 0.0303 , 1
Tyler Bray , 8 , 203.110.240.191 , 0.725696 , 0.17 , 0.0413 , 0
OQPPMQqFzfzUE1wIbs0Yu7ETbf7K4E4P , 8 , 203.110.240.191 , 0.707125 , -1 , 0.0327 , 1
George Jones , 8 , 61.220.11.74 , 0.831994 , 0.19 , -1 , 0
CBQLxKKj4UHp33VtY8NeXsNqIXwTf3ei , 8 , 140.138.2.104 , 0.71085 , -1 , -1 , 1
Tyrann Mathieu , 8 , 203.110.240.191 , 0.78102 , 0.17 , 0.0324 , 0
FBqB2TZR788lDTyP3m4xKM7YRtLDRm7L , 8 , 212.16.72.254 , 0.730348 , -1 , -1 , 1
NFL Draft grades , 9 , 61.220.11.48 , 0.758446 , 0.21 , -1 , 0
o4RNDYpN62tNLLOr1y3kB4jSQ5vezZRR , 9 , 61.220.4.33 , 0.723037 , -1 , -1 , 1
NASCAR , 9 , 61.220.5.156 , 0.782735 , 0.21 , -1 , 0
WDX7q4IRlo1VpEIBy9c6duJSkm0pSEYH , 9 , 203.110.240.191 , 0.701876 , -1 , 0.0292 , 1
White House Correspondents Dinner 2013 , 9 , 106.187.2.2 , 0.733221 , 0.14 , -1 , 0
br8CkiYlyE5pThim9MH32RU2BdcS6jzJ , 9 , 203.110.240.191 , 0.697421 , -1 , 0.0337 , 1
UFC , 9 , 203.110.240.191 , 0.745634 , 0.2 , 0.0334 , 0
yVdGK4IyseGE6WmC2w5w2jymJ186AqTD , 9 , 203.110.240.191 , 0.729086 , -1 , 0.027 , 1
Yvette Prieto , 9 , 203.110.240.191 , 0.818451 , 0.22 , 0.0444 , 0
nIwnk9A6BuOTo5ExOsc60IkZepaEp5CA , 9 , 61.220.10.37 , 0.691734 , -1 , -1 , 1
Lakers , 9 , 61.220.11.13 , 0.932585 , 0.2 , -1 , 0
7qhsPQNMhfCTQFo0aUl9Ceh8ePGwWA8i , 9 , 67.215.80.13 , 0.69994 , -1 , -1 , 1
Marcus Lattimore , 9 , 74.125.189.21 , 0.79462 , 0.2 , -1 , 0
zjRaGrAklqTDIvK7kcJrmnRnWvcLCPpD , 9 , 203.110.240.191 , 0.701529 , -1 , 0.0321 , 1
Tyler Bray , 9 , 204.74.103.103 , 0.693063 , 0.12 , -1 , 0
OQPPMQqFzfzUE1wIbs0Yu7ETbf7K4E4P , 9 , 203.110.240.191 , 0.701141 , -1 , 0.0298 , 1
George Jones , 9 , 61.220.8.162 , 0.897376 , 0.28 , -1 , 0
CBQLxKKj4UHp33VtY8NeXsNqIXwTf3ei , 9 , 61.220.8.41 , 0.720008 , -1 , -1 , 1
Tyrann Mathieu , 9 , 203.110.240.191 , 0.855371 , 0.23 , 0.0382 , 0
FBqB2TZR788lDTyP3m4xKM7YRtLDRm7L , 9 , 203.110.240.191 , 0.726042 , -1 , 0.0286 , 1
NFL Draft grades , 0 , 203.110.240.191 , 0.70716 , -1 , 0.0329 , 0
kfgpFcxd0d24KxsLaxbHkVuAPr5wWURo , 0 , 121.167.11.1 , 0.694318 , -1 , -1 , 1
NASCAR , 0 , 139.175.252.17 , 0.758113 , 0.18 , -1 , 0
zs6U3iYx47RZj7IjFbsyCH6sgxHFz10E , 0 , 163.30.0.1 , 0.692501 , -1 , -1 , 1
White House Correspondents Dinner 2013 , 0 , 61.220.10.197 , 0.712996 , 0.17 , -1 , 0
6z9PAIcymuFadY9SoHYKNmQIeVKnFQLN , 0 , 74.125.189.19 , 0.707292 , -1 , -1 , 1
UFC , 0 , 139.175.55.232 , 0.70513 , 0.16 , -1 , 0
vC2xkqKDqA50FNf8jaAynImrMaf2LuiP , 0 , 203.110.240.191 , 0.703784 , -1 , 0.037 , 1
Yvette Prieto , 0 , 203.110.240.191 , 0.758555 , 0.15 , 0.0341 , 0
6GtQYkFVT3T8g1hRd3uFB7EuSCFhjekn , 0 , 203.110.240.191 , 0.710583 , -1 , 0.0327 , 1
Nate Robinson , 0 , 203.110.240.191 , 0.72169 , 0.14 , 0.0222 , 0
OPMffTh5ZFtJdqrp6wYBQsnEZgC2CPHw , 0 , 203.110.240.191 , 0.691241 , -1 , 0.0257 , 1
Lakers , 0 , 203.110.240.191 , 0.988385 , 0.17 , 0.0333 , 0
ptAMeVQ9IjOWs2uCvV0k2O7DxNtfYoRw , 0 , 203.110.240.191 , 0.711761 , -1 , 0.0332 , 1
Marcus Lattimore , 0 , 203.8.183.1 , 0.847438 , 0.14 , -1 , 0
UsLiryuIqnWmmcNiUKvHBrJYGozRNM9j , 0 , 203.110.240.191 , 0.724501 , -1 , 0.033 , 1
Tyler Bray , 0 , 203.110.240.191 , 0.739401 , 0.12 , 0.0268 , 0
qR4T6Z42xXgEXZh1bgkfWSMG4ZC0JnmU , 0 , 139.175.55.246 , 0.727137 , -1 , -1 , 1
George Jones , 0 , 203.110.240.191 , 0.824772 , 0.2 , 0.0309 , 0
xwlLdaYyhRb7GfVj775OCSNCp2dfG4LC , 0 , 203.110.240.191 , 0.731045 , -1 , 0.0315 , 1
NFL Draft grades , 1 , 203.110.240.191 , 0.737715 , 0.16 , 0.0321 , 0
kfgpFcxd0d24KxsLaxbHkVuAPr5wWURo , 1 , 203.110.240.191 , 0.721085 , -1 , 0.0282 , 1
NASCAR , 1 , 67.215.80.11 , 0.730392 , 0.15 , -1 , 0
zs6U3iYx47RZj7IjFbsyCH6sgxHFz10E , 1 , 203.110.240.191 , 0.732498 , -1 , 0.0318 , 1
White House Correspondents Dinner 2013 , 1 , 203.110.240.191 , 0.735361 , 0.15 , 0.0333 , 0
6z9PAIcymuFadY9SoHYKNmQIeVKnFQLN , 1 , 203.110.240.191 , 0.73728 , -1 , 0.0309 , 1
UFC , 1 , 203.110.240.191 , 0.750911 , 0.18 , 0.0337 , 0
vC2xkqKDqA50FNf8jaAynImrMaf2LuiP , 1 , 203.110.240.191 , 0.712664 , -1 , 0.0305 , 1
Yvette Prieto , 1 , 161.142.212.17 , 0.798778 , 0.18 , -1 , 0
6GtQYkFVT3T8g1hRd3uFB7EuSCFhjekn , 1 , 203.110.240.191 , 0.701118 , -1 , 0.0422 , 1
Nate Robinson , 1 , 203.110.240.191 , 0.703022 , 0.16 , 0.031 , 0
OPMffTh5ZFtJdqrp6wYBQsnEZgC2CPHw , 1 , 203.110.240.191 , 0.715616 , -1 , 0.0359 , 1
Lakers , 1 , 203.110.240.191 , 0.935248 , 0.2 , 0.0312 , 0
ptAMeVQ9IjOWs2uCvV0k2O7DxNtfYoRw , 1 , 203.110.240.191 , 0.713806 , -1 , 0.0289 , 1
Marcus Lattimore , 1 , 139.175.55.246 , 0.763947 , 0.21 , -1 , 0
UsLiryuIqnWmmcNiUKvHBrJYGozRNM9j , 1 , 61.220.11.58 , 0.699449 , -1 , -1 , 1
Tyler Bray , 1 , 139.175.55.232 , 0.721158 , 0.12 , -1 , 0
qR4T6Z42xXgEXZh1bgkfWSMG4ZC0JnmU , 1 , 221.7.92.90 , 0.69727 , -1 , -1 , 1
George Jones , 1 , 203.110.240.191 , 0.803577 , 0.19 , 0.0275 , 0
xwlLdaYyhRb7GfVj775OCSNCp2dfG4LC , 1 , 203.110.240.191 , 0.695136 , -1 , 0.023 , 1
NFL Draft grades , 2 , 203.110.240.191 , 0.708991 , 0.15 , 0.0357 , 0
kfgpFcxd0d24KxsLaxbHkVuAPr5wWURo , 2 , 203.110.240.191 , 0.69454 , -1 , 0.036 , 1
NASCAR , 2 , 173.194.97.16 , 0.760721 , 0.19 , -1 , 0
zs6U3iYx47RZj7IjFbsyCH6sgxHFz10E , 2 , 203.110.240.191 , 0.746034 , -1 , 0.033 , 1
White House Correspondents Dinner 2013 , 2 , 193.109.71.10 , 0.723483 , 0.17 , -1 , 0
6z9PAIcymuFadY9SoHYKNmQIeVKnFQLN , 2 , 203.110.240.191 , 0.72225 , -1 , 0.027 , 1
UFC , 2 , 203.110.240.191 , 0.721883 , 0.15 , 0.03 , 0
vC2xkqKDqA50FNf8jaAynImrMaf2LuiP , 2 , 94.241.128.3 , 0.722695 , -1 , -1 , 1
Yvette Prieto , 2 , 80.75.0.2 , 0.767137 , 0.15 , -1 , 0
6GtQYkFVT3T8g1hRd3uFB7EuSCFhjekn , 2 , 203.110.240.191 , 0.739871 , -1 , 0.0268 , 1
Nate Robinson , 2 , 203.110.240.191 , 0.740021 , 0.14 , 0.0265 , 0
OPMffTh5ZFtJdqrp6wYBQsnEZgC2CPHw , 2 , 203.110.240.191 , 0.752682 , -1 , 0.0323 , 1
Lakers , 2 , 130.158.68.26 , 1.040212 , 0.21 , -1 , 0
ptAMeVQ9IjOWs2uCvV0k2O7DxNtfYoRw , 2 , 202.158.196.133 , 0.741241 , -1 , -1 , 1
Marcus Lattimore , 2 , 203.62.252.106 , 0.782859 , 0.14 , -1 , 0
UsLiryuIqnWmmcNiUKvHBrJYGozRNM9j , 2 , 203.133.1.176 , 0.739586 , -1 , -1 , 1
Tyler Bray , 2 , 202.145.0.2 , 0.742875 , 0.12 , -1 , 0
qR4T6Z42xXgEXZh1bgkfWSMG4ZC0JnmU , 2 , 139.175.252.20 , 0.730626 , -1 , -1 , 1
George Jones , 2 , 203.110.240.191 , 0.937331 , 0.31 , 0.0296 , 0
xwlLdaYyhRb7GfVj775OCSNCp2dfG4LC , 2 , 202.116.128.2 , 0.694669 , -1 , -1 , 1
NFL Draft grades , 3 , 203.110.240.191 , 0.703145 , 0.16 , 0.0264 , 0
kfgpFcxd0d24KxsLaxbHkVuAPr5wWURo , 3 , 203.110.240.191 , 0.689665 , -1 , 0.0248 , 1
NASCAR , 3 , 61.220.11.12 , 0.755264 , 0.17 , -1 , 0
zs6U3iYx47RZj7IjFbsyCH6sgxHFz10E , 3 , 203.110.240.191 , 0.710194 , -1 , 0.0281 , 1
White House Correspondents Dinner 2013 , 3 , 203.110.240.191 , 0.698316 , 0.17 , 0.0361 , 0
6z9PAIcymuFadY9SoHYKNmQIeVKnFQLN , 3 , 203.110.240.191 , 0.713957 , -1 , 0.0321 , 1
UFC , 3 , 203.110.240.191 , 0.722608 , 0.16 , 0.0287 , 0
vC2xkqKDqA50FNf8jaAynImrMaf2LuiP , 3 , 61.220.10.208 , 0.691725 , -1 , -1 , 1
Yvette Prieto , 3 , 160.193.178.1 , 0.765599 , 0.17 , -1 , 0
6GtQYkFVT3T8g1hRd3uFB7EuSCFhjekn , 3 , 202.101.224.70 , 0.701182 , -1 , -1 , 1
Nate Robinson , 3 , 168.126.63.61 , 0.7616 , 0.21 , -1 , 0
OPMffTh5ZFtJdqrp6wYBQsnEZgC2CPHw , 3 , 203.110.240.191 , 0.712341 , -1 , 0.0274 , 1
Lakers , 3 , 203.110.240.191 , 0.95185 , 0.19 , 0.0248 , 0
ptAMeVQ9IjOWs2uCvV0k2O7DxNtfYoRw , 3 , 140.138.2.104 , 0.712841 , -1 , -1 , 1
Marcus Lattimore , 3 , 203.110.240.191 , 0.776951 , 0.14 , 0.0316 , 0
UsLiryuIqnWmmcNiUKvHBrJYGozRNM9j , 3 , 203.110.240.191 , 0.710168 , -1 , 0.029 , 1
Tyler Bray , 3 , 74.125.16.94 , 0.710962 , 0.17 , -1 , 0
qR4T6Z42xXgEXZh1bgkfWSMG4ZC0JnmU , 3 , 202.7.166.172 , 0.78133 , -1 , -1 , 1
George Jones , 3 , 140.114.63.23 , 0.802136 , 0.18 , -1 , 0
xwlLdaYyhRb7GfVj775OCSNCp2dfG4LC , 3 , 203.110.240.191 , 0.728623 , -1 , 0.0295 , 1
NFL Draft grades , 4 , 111.87.4.82 , 0.718881 , 0.15 , -1 , 0
kfgpFcxd0d24KxsLaxbHkVuAPr5wWURo , 4 , 106.187.2.17 , 0.720704 , -1 , -1 , 1
NASCAR , 4 , 74.125.191.89 , 0.761099 , 0.17 , -1 , 0
zs6U3iYx47RZj7IjFbsyCH6sgxHFz10E , 4 , 168.126.63.60 , 0.720646 , -1 , -1 , 1
White House Correspondents Dinner 2013 , 4 , 61.220.11.61 , 0.719253 , 0.17 , -1 , 0
6z9PAIcymuFadY9SoHYKNmQIeVKnFQLN , 4 , 61.220.11.67 , 0.732802 , -1 , -1 , 1
UFC , 4 , 192.221.159.26 , 0.775364 , 0.21 , -1 , 0
vC2xkqKDqA50FNf8jaAynImrMaf2LuiP , 4 , 203.110.240.191 , 0.721533 , -1 , 0.031 , 1
Yvette Prieto , 4 , 139.175.252.24 , 0.783808 , 0.17 , -1 , 0
6GtQYkFVT3T8g1hRd3uFB7EuSCFhjekn , 4 , 130.34.11.123 , 0.716707 , -1 , -1 , 1
Nate Robinson , 4 , 203.110.240.191 , 0.743387 , 0.15 , 0.0272 , 0
OPMffTh5ZFtJdqrp6wYBQsnEZgC2CPHw , 4 , 202.7.166.172 , 0.723309 , -1 , -1 , 1
Lakers , 4 , 203.110.240.191 , 0.985036 , 0.23 , 0.0316 , 0
ptAMeVQ9IjOWs2uCvV0k2O7DxNtfYoRw , 4 , 139.175.55.232 , 0.734538 , -1 , -1 , 1
Marcus Lattimore , 4 , 139.175.55.232 , 0.769871 , 0.16 , -1 , 0
UsLiryuIqnWmmcNiUKvHBrJYGozRNM9j , 4 , 203.110.240.191 , 0.740188 , -1 , 0.0319 , 1
Tyler Bray , 4 , 74.125.191.89 , 0.733869 , 0.11 , -1 , 0
qR4T6Z42xXgEXZh1bgkfWSMG4ZC0JnmU , 4 , 203.110.240.191 , 0.716413 , -1 , 0.0301 , 1
George Jones , 4 , 168.95.43.43 , 0.839308 , 0.2 , -1 , 0
xwlLdaYyhRb7GfVj775OCSNCp2dfG4LC , 4 , 61.220.8.154 , 0.716976 , -1 , -1 , 1
NFL Draft grades , 5 , 203.110.240.191 , 0.723298 , 0.14 , 0.0314 , 0
kfgpFcxd0d24KxsLaxbHkVuAPr5wWURo , 5 , 94.241.128.3 , 0.740859 , -1 , -1 , 1
NASCAR , 5 , 203.110.240.191 , 0.786764 , 0.21 , 0.037 , 0
zs6U3iYx47RZj7IjFbsyCH6sgxHFz10E , 5 , 203.110.240.191 , 0.740785 , -1 , 0.0267 , 1
White House Correspondents Dinner 2013 , 5 , 203.147.88.2 , 0.738334 , 0.19 , 73.88 , 0
6z9PAIcymuFadY9SoHYKNmQIeVKnFQLN , 5 , 203.110.240.191 , 0.721242 , -1 , 0.0289 , 1
UFC , 5 , 202.4.192.130 , 0.752714 , 0.19 , -1 , 0
vC2xkqKDqA50FNf8jaAynImrMaf2LuiP , 5 , 61.220.11.57 , 0.740735 , -1 , -1 , 1
Yvette Prieto , 5 , 203.110.240.191 , 0.816566 , 0.2 , 0.0319 , 0
6GtQYkFVT3T8g1hRd3uFB7EuSCFhjekn , 5 , 192.221.144.21 , 0.740148 , -1 , -1 , 1
Nate Robinson , 5 , 80.169.158.122 , 0.780357 , 0.2 , -1 , 0
OPMffTh5ZFtJdqrp6wYBQsnEZgC2CPHw , 5 , 202.89.66.3 , 0.736905 , -1 , 61.72 , 1
Lakers , 5 , 203.110.240.191 , 0.898793 , 0.23 , 0.034 , 0
ptAMeVQ9IjOWs2uCvV0k2O7DxNtfYoRw , 5 , 203.110.240.191 , 0.706804 , -1 , 0.032 , 1
Marcus Lattimore , 5 , 203.110.240.191 , 0.813755 , 0.21 , 0.0338 , 0
UsLiryuIqnWmmcNiUKvHBrJYGozRNM9j , 5 , 203.110.240.191 , 0.699478 , -1 , 0.0248 , 1
Tyler Bray , 5 , 203.110.240.191 , 0.693206 , 0.12 , 0.0284 , 0
qR4T6Z42xXgEXZh1bgkfWSMG4ZC0JnmU , 5 , 61.220.10.184 , 0.697868 , -1 , -1 , 1
George Jones , 5 , 203.110.240.191 , 0.922332 , 0.31 , 0.0347 , 0
xwlLdaYyhRb7GfVj775OCSNCp2dfG4LC , 5 , 203.110.240.191 , 0.699523 , -1 , 0.0269 , 1
NFL Draft grades , 6 , 203.110.240.191 , 0.697423 , 0.12 , 0.0296 , 0
kfgpFcxd0d24KxsLaxbHkVuAPr5wWURo , 6 , 202.146.128.6 , 0.696449 , -1 , -1 , 1
NASCAR , 6 , 139.175.252.22 , 0.784839 , 0.23 , -1 , 0
zs6U3iYx47RZj7IjFbsyCH6sgxHFz10E , 6 , 80.169.158.122 , 0.699475 , -1 , -1 , 1
White House Correspondents Dinner 2013 , 6 , 203.110.240.191 , 0.69473 , 0.16 , 0.0355 , 0
6z9PAIcymuFadY9SoHYKNmQIeVKnFQLN , 6 , 203.110.240.191 , 0.713082 , -1 , 0.0331 , 1
UFC , 6 , 203.110.240.191 , 0.735007 , 0.19 , 0.025 , 0
vC2xkqKDqA50FNf8jaAynImrMaf2LuiP , 6 , 203.110.240.191 , 0.703257 , -1 , 0.0273 , 1
Yvette Prieto , 6 , 61.220.8.202 , 0.753296 , 0.14 , -1 , 0
6GtQYkFVT3T8g1hRd3uFB7EuSCFhjekn , 6 , 203.110.240.191 , 0.702383 , -1 , 0.0299 , 1
Nate Robinson , 6 , 61.220.8.126 , 0.732691 , 0.15 , -1 , 0
OPMffTh5ZFtJdqrp6wYBQsnEZgC2CPHw , 6 , 203.110.240.191 , 0.685694 , -1 , 0.0328 , 1
Lakers , 6 , 203.110.240.191 , 1.046666 , 0.22 , 0.0235 , 0
ptAMeVQ9IjOWs2uCvV0k2O7DxNtfYoRw , 6 , 203.110.240.191 , 0.71429 , -1 , 0.0337 , 1
Marcus Lattimore , 6 , 203.110.240.191 , 0.771325 , 0.13 , 0.0287 , 0
UsLiryuIqnWmmcNiUKvHBrJYGozRNM9j , 6 , 8.0.38.32 , 0.694823 , -1 , -1 , 1
Tyler Bray , 6 , 203.20.226.8 , 0.734351 , 0.19 , -1 , 0
qR4T6Z42xXgEXZh1bgkfWSMG4ZC0JnmU , 6 , 203.110.240.191 , 0.703062 , -1 , 0.0256 , 1
George Jones , 6 , 203.110.240.191 , 0.803685 , 0.19 , 0.0407 , 0
xwlLdaYyhRb7GfVj775OCSNCp2dfG4LC , 6 , 94.241.128.3 , 0.711604 , -1 , -1 , 1
NFL Draft grades , 7 , 110.173.232.85 , 0.705796 , 0.13 , -1 , 0
kfgpFcxd0d24KxsLaxbHkVuAPr5wWURo , 7 , 173.194.97.16 , 0.693056 , -1 , -1 , 1
NASCAR , 7 , 203.110.240.191 , 0.793134 , 0.22 , 0.0304 , 0
zs6U3iYx47RZj7IjFbsyCH6sgxHFz10E , 7 , 203.110.240.191 , 0.713358 , -1 , 0.0319 , 1
White House Correspondents Dinner 2013 , 7 , 203.110.240.191 , 0.735804 , 0.2 , 0.0316 , 0
6z9PAIcymuFadY9SoHYKNmQIeVKnFQLN , 7 , 203.110.240.191 , 0.718461 , -1 , 0.0329 , 1
UFC , 7 , 203.110.240.191 , 0.741737 , 0.18 , 0.0281 , 0
vC2xkqKDqA50FNf8jaAynImrMaf2LuiP , 7 , 203.110.240.191 , 0.729921 , -1 , 0.0296 , 1
Yvette Prieto , 7 , 203.129.95.51 , 0.818155 , 0.2 , -1 , 0
6GtQYkFVT3T8g1hRd3uFB7EuSCFhjekn , 7 , 203.110.240.191 , 0.716574 , -1 , 0.0253 , 1
Nate Robinson , 7 , 203.110.240.191 , 0.723326 , 0.12 , 0.0273 , 0
OPMffTh5ZFtJdqrp6wYBQsnEZgC2CPHw , 7 , 80.169.158.122 , 0.738258 , -1 , -1 , 1
Lakers , 7 , 163.21.222.16 , 1.02929 , 0.22 , -1 , 0
ptAMeVQ9IjOWs2uCvV0k2O7DxNtfYoRw , 7 , 203.110.240.191 , 0.737731 , -1 , 0.0314 , 1
Marcus Lattimore , 7 , 165.21.100.94 , 0.836752 , 0.21 , -1 , 0
UsLiryuIqnWmmcNiUKvHBrJYGozRNM9j , 7 , 94.241.128.3 , 0.735552 , -1 , -1 , 1
Tyler Bray , 7 , 203.110.240.191 , 0.730317 , 0.09 , 0.0332 , 0
qR4T6Z42xXgEXZh1bgkfWSMG4ZC0JnmU , 7 , 61.220.10.42 , 0.730853 , -1 , -1 , 1
George Jones , 7 , 203.110.240.191 , 0.909806 , 0.27 , 0.0339 , 0
xwlLdaYyhRb7GfVj775OCSNCp2dfG4LC , 7 , 203.110.240.191 , 0.717874 , -1 , 0.0336 , 1
NFL Draft grades , 8 , 203.110.240.191 , 0.736779 , 0.14 , 0.0281 , 0
kfgpFcxd0d24KxsLaxbHkVuAPr5wWURo , 8 , 61.220.0.62 , 0.732109 , -1 , -1 , 1
NASCAR , 8 , 203.110.240.191 , 0.802466 , 0.21 , 0.0333 , 0
zs6U3iYx47RZj7IjFbsyCH6sgxHFz10E , 8 , 61.220.3.63 , 0.72567 , -1 , -1 , 1
White House Correspondents Dinner 2013 , 8 , 203.110.240.191 , 0.754259 , -1 , 0.0346 , 0
6z9PAIcymuFadY9SoHYKNmQIeVKnFQLN , 8 , 203.110.240.191 , 0.716443 , -1 , 0.0369 , 1
UFC , 8 , 192.221.158.17 , 0.758826 , 0.2 , -1 , 0
vC2xkqKDqA50FNf8jaAynImrMaf2LuiP , 8 , 203.110.240.191 , 0.725544 , -1 , 0.032 , 1
Yvette Prieto , 8 , 220.69.33.43 , 0.78555 , 0.15 , -1 , 0
6GtQYkFVT3T8g1hRd3uFB7EuSCFhjekn , 8 , 203.110.240.191 , 0.727851 , -1 , 0.0316 , 1
Nate Robinson , 8 , 164.124.101.53 , 0.880423 , 0.31 , -1 , 0
OPMffTh5ZFtJdqrp6wYBQsnEZgC2CPHw , 8 , 203.110.240.191 , 0.71835 , -1 , 0.0268 , 1
Lakers , 8 , 203.110.240.191 , 0.943929 , 0.22 , 0.0233 , 0
ptAMeVQ9IjOWs2uCvV0k2O7DxNtfYoRw , 8 , 94.241.128.3 , 0.747066 , -1 , -1 , 1
Marcus Lattimore , 8 , 203.110.240.191 , 0.842811 , 0.21 , 0.03 , 0
UsLiryuIqnWmmcNiUKvHBrJYGozRNM9j , 8 , 203.110.240.191 , 0.734954 , -1 , 0.0343 , 1
Tyler Bray , 8 , 203.110.240.191 , 0.745498 , 0.16 , 0.0359 , 0
qR4T6Z42xXgEXZh1bgkfWSMG4ZC0JnmU , 8 , 203.110.240.191 , 0.722176 , -1 , 0.0463 , 1
George Jones , 8 , 202.14.67.14 , 0.847108 , 0.23 , -1 , 0
xwlLdaYyhRb7GfVj775OCSNCp2dfG4LC , 8 , 203.110.240.191 , 0.722479 , -1 , 0.0335 , 1
NFL Draft grades , 9 , 203.110.240.191 , 0.727856 , 0.14 , 0.0335 , 0
kfgpFcxd0d24KxsLaxbHkVuAPr5wWURo , 9 , 116.50.34.242 , 0.712428 , -1 , -1 , 1
NASCAR , 9 , 203.110.240.191 , 0.794773 , 0.2 , 0.0296 , 0
