ricin , 0 , None , 0.188048 , 0.08 , -1 , 0
GKF0ItZDQgVAIwlfzOYty6JmfwrLNrvY , 0 , None , 0.196081 , -1 , -1 , 1
American Airlines , 0 , 74.125.178.20 , 0.278189 , 0.15 , 22.4 , 0
3OIvR1caCk4NIe0DaSPOPJxuJUiTRSnq , 0 , 128.2.211.114 , 0.216379 , -1 , 0.047 , 1
Huffington Post , 0 , 128.2.211.114 , 2.394718 , 0.15 , 0.044 , 0
pAsDigON4XrJR3J8q0hF8GcvJWA7JJvE , 0 , None , 0.18954 , -1 , -1 , 1
Krystle Campbell , 0 , None , 0.322852 , 0.19 , -1 , 0
tgwBqDsHwcIEq0RE68eELh5NdeZl3fz8 , 0 , None , 0.193479 , -1 , -1 , 1
Girls Love Beyonce , 0 , 74.125.178.17 , 0.483908 , 0.2 , 23.0 , 0
rZPL47hVXDdh2Sv8qLgfs4ETzyaNownk , 0 , 64.83.0.10 , 0.346382 , -1 , 14.6 , 1
Tracy McGrady , 0 , None , 0.317474 , 0.21 , -1 , 0
cPJrs2WnJMHRZgJYvKSPeInZ5FCi1mYG , 0 , 198.85.24.3 , 0.313665 , -1 , -1 , 1
USA TODAY , 0 , None , 0.289777 , 0.15 , -1 , 0
RmZ6rtKxzdeh7l4MJ8PzxDKOe2v3gzyP , 0 , 128.2.211.114 , 0.191588 , -1 , 0.035 , 1
Washington Post , 0 , 170.163.14.90 , 0.306785 , 0.2 , -1 , 0
XUnhpDCzp4WXkpijJ5TKTuQXEBnOKPj0 , 0 , None , 0.177242 , -1 , -1 , 1
Carlos Arredondo , 0 , None , 0.279153 , 0.15 , -1 , 0
nKh0Q8ntG10N0Re7puYcQcyy8P8DfRdN , 0 , 128.2.211.114 , 1.968419 , -1 , 0.044 , 1
Outside Lands , 0 , None , 0.216514 , 0.13 , -1 , 0
ACwihn9h2z66e9RH4hIuEvKdPcPj08zJ , 0 , None , 0.212872 , -1 , -1 , 1
ricin , 1 , None , 0.189561 , 0.09 , -1 , 0
GKF0ItZDQgVAIwlfzOYty6JmfwrLNrvY , 1 , 204.176.110.106 , 0.513379 , -1 , 33.6 , 1
American Airlines , 1 , 200.4.48.10 , 0.238472 , 0.13 , 70.8 , 0
3OIvR1caCk4NIe0DaSPOPJxuJUiTRSnq , 1 , None , 0.191236 , -1 , -1 , 1
Huffington Post , 1 , 68.179.206.42 , 1.134037 , 0.14 , 68.5 , 0
pAsDigON4XrJR3J8q0hF8GcvJWA7JJvE , 1 , 141.117.100.1 , 0.180402 , -1 , 30.7 , 1
Krystle Campbell , 1 , None , 0.279915 , 0.14 , -1 , 0
tgwBqDsHwcIEq0RE68eELh5NdeZl3fz8 , 1 , None , 0.17281 , -1 , -1 , 1
Girls Love Beyonce , 1 , None , 0.23771 , 0.16 , -1 , 0
rZPL47hVXDdh2Sv8qLgfs4ETzyaNownk , 1 , None , 0.19418 , -1 , -1 , 1
Tracy McGrady , 1 , None , 0.23008 , 0.14 , -1 , 0
cPJrs2WnJMHRZgJYvKSPeInZ5FCi1mYG , 1 , None , 0.195646 , -1 , -1 , 1
USA TODAY , 1 , None , 0.310465 , 0.16 , -1 , 0
RmZ6rtKxzdeh7l4MJ8PzxDKOe2v3gzyP , 1 , 128.2.211.114 , 0.183636 , -1 , 0.034 , 1
Washington Post , 1 , 170.163.14.90 , 0.200403 , 0.12 , -1 , 0
XUnhpDCzp4WXkpijJ5TKTuQXEBnOKPj0 , 1 , 170.163.14.90 , 1.150654 , -1 , -1 , 1
Carlos Arredondo , 1 , 128.2.211.114 , 0.306143 , 0.22 , 0.05 , 0
nKh0Q8ntG10N0Re7puYcQcyy8P8DfRdN , 1 , None , 0.222007 , -1 , -1 , 1
Outside Lands , 1 , None , 0.239418 , 0.11 , -1 , 0
ACwihn9h2z66e9RH4hIuEvKdPcPj08zJ , 1 , 60.234.2.2 , 0.409386 , -1 , -1 , 1
ricin , 2 , 38.101.200.22 , 0.201345 , 0.09 , 21.0 , 0
GKF0ItZDQgVAIwlfzOYty6JmfwrLNrvY , 2 , 64.80.255.118 , 0.26141 , -1 , 58.8 , 1
American Airlines , 2 , 64.80.255.118 , 0.328849 , 0.22 , 58.8 , 0
3OIvR1caCk4NIe0DaSPOPJxuJUiTRSnq , 2 , 170.163.14.90 , 0.22821 , -1 , -1 , 1
Huffington Post , 2 , None , 0.352865 , 0.15 , -1 , 0
pAsDigON4XrJR3J8q0hF8GcvJWA7JJvE , 2 , 128.2.211.114 , 0.363503 , -1 , 0.038 , 1
Krystle Campbell , 2 , None , 0.23025 , 0.13 , -1 , 0
tgwBqDsHwcIEq0RE68eELh5NdeZl3fz8 , 2 , None , 0.174049 , -1 , -1 , 1
Girls Love Beyonce , 2 , 128.2.211.114 , 0.289583 , 0.21 , 0.043 , 0
rZPL47hVXDdh2Sv8qLgfs4ETzyaNownk , 2 , 209.87.64.70 , 0.283482 , -1 , 19.9 , 1
Tracy McGrady , 2 , None , 0.364793 , 0.16 , -1 , 0
cPJrs2WnJMHRZgJYvKSPeInZ5FCi1mYG , 2 , 128.2.211.114 , 0.230394 , -1 , 0.04 , 1
USA TODAY , 2 , 128.2.211.114 , 0.90197 , 0.14 , 0.043 , 0
RmZ6rtKxzdeh7l4MJ8PzxDKOe2v3gzyP , 2 , None , 0.212545 , -1 , -1 , 1
Washington Post , 2 , 68.179.206.42 , 0.3219 , 0.14 , 68.4 , 0
XUnhpDCzp4WXkpijJ5TKTuQXEBnOKPj0 , 2 , None , 0.214284 , -1 , -1 , 1
Carlos Arredondo , 2 , 74.118.124.35 , 0.33903 , 0.17 , -1 , 0
nKh0Q8ntG10N0Re7puYcQcyy8P8DfRdN , 2 , None , 0.194772 , -1 , -1 , 1
Outside Lands , 2 , None , 0.238244 , 0.11 , -1 , 0
ACwihn9h2z66e9RH4hIuEvKdPcPj08zJ , 2 , 68.105.28.142 , 0.238711 , -1 , 44.7 , 1
ricin , 3 , 38.102.194.214 , 0.222701 , 0.09 , 22.0 , 0
GKF0ItZDQgVAIwlfzOYty6JmfwrLNrvY , 3 , None , 0.223988 , -1 , -1 , 1
American Airlines , 3 , None , 0.269586 , 0.15 , -1 , 0
3OIvR1caCk4NIe0DaSPOPJxuJUiTRSnq , 3 , None , 0.199688 , -1 , -1 , 1
Huffington Post , 3 , 147.249.60.21 , 0.260788 , 0.13 , -1 , 0
pAsDigON4XrJR3J8q0hF8GcvJWA7JJvE , 3 , 38.104.99.198 , 0.211353 , -1 , 22.5 , 1
Krystle Campbell , 3 , None , 0.283538 , 0.15 , -1 , 0
tgwBqDsHwcIEq0RE68eELh5NdeZl3fz8 , 3 , None , 0.182035 , -1 , -1 , 1
Girls Love Beyonce , 3 , 170.163.14.90 , 0.296487 , 0.17 , -1 , 0
rZPL47hVXDdh2Sv8qLgfs4ETzyaNownk , 3 , 74.125.178.23 , 0.488701 , -1 , 23.0 , 1
Tracy McGrady , 3 , None , 0.330605 , 0.19 , -1 , 0
cPJrs2WnJMHRZgJYvKSPeInZ5FCi1mYG , 3 , None , 0.219662 , -1 , -1 , 1
USA TODAY , 3 , 216.19.176.7 , 0.308166 , 0.14 , 73.8 , 0
RmZ6rtKxzdeh7l4MJ8PzxDKOe2v3gzyP , 3 , None , 0.187316 , -1 , -1 , 1
Washington Post , 3 , 67.218.123.134 , 0.584404 , 0.14 , 64.4 , 0
XUnhpDCzp4WXkpijJ5TKTuQXEBnOKPj0 , 3 , 128.2.211.114 , 0.171683 , -1 , 0.033 , 1
Carlos Arredondo , 3 , None , 0.327387 , 0.2 , -1 , 0
nKh0Q8ntG10N0Re7puYcQcyy8P8DfRdN , 3 , None , 0.167725 , -1 , -1 , 1
Outside Lands , 3 , 128.2.211.114 , 0.334087 , 0.1 , 0.036 , 0
ACwihn9h2z66e9RH4hIuEvKdPcPj08zJ , 3 , None , 0.173177 , -1 , -1 , 1
ricin , 4 , 67.214.64.174 , 0.256357 , 0.17 , 47.6 , 0
GKF0ItZDQgVAIwlfzOYty6JmfwrLNrvY , 4 , 128.2.211.114 , 0.836887 , -1 , 0.044 , 1
American Airlines , 4 , None , 0.220237 , 0.12 , -1 , 0
3OIvR1caCk4NIe0DaSPOPJxuJUiTRSnq , 4 , 128.2.211.114 , 0.405892 , -1 , 0.045 , 1
Huffington Post , 4 , None , 0.229715 , 0.14 , -1 , 0
pAsDigON4XrJR3J8q0hF8GcvJWA7JJvE , 4 , None , 0.218475 , -1 , -1 , 1
Krystle Campbell , 4 , 128.2.211.114 , 0.247161 , 0.11 , 0.044 , 0
tgwBqDsHwcIEq0RE68eELh5NdeZl3fz8 , 4 , None , 0.181958 , -1 , -1 , 1
Girls Love Beyonce , 4 , 128.2.211.114 , 0.242429 , 0.16 , 0.043 , 0
rZPL47hVXDdh2Sv8qLgfs4ETzyaNownk , 4 , None , 0.210525 , -1 , -1 , 1
Tracy McGrady , 4 , None , 0.309993 , 0.16 , -1 , 0
cPJrs2WnJMHRZgJYvKSPeInZ5FCi1mYG , 4 , 174.47.134.75 , 1.842016 , -1 , 40.3 , 1
USA TODAY , 4 , 192.234.93.201 , 0.224586 , 0.14 , 24.9 , 0
RmZ6rtKxzdeh7l4MJ8PzxDKOe2v3gzyP , 4 , None , 0.202307 , -1 , -1 , 1
Washington Post , 4 , 170.163.14.90 , 0.748116 , 0.22 , -1 , 0
XUnhpDCzp4WXkpijJ5TKTuQXEBnOKPj0 , 4 , None , 0.198674 , -1 , -1 , 1
Carlos Arredondo , 4 , None , 0.290895 , 0.17 , -1 , 0
nKh0Q8ntG10N0Re7puYcQcyy8P8DfRdN , 4 , 128.2.211.114 , 0.973284 , -1 , 0.037 , 1
Outside Lands , 4 , 8.0.31.59 , 0.326908 , 0.11 , -1 , 0
ACwihn9h2z66e9RH4hIuEvKdPcPj08zJ , 4 , 170.163.14.90 , 1.836671 , -1 , -1 , 1
ricin , 5 , 66.80.130.235 , 0.341398 , 0.17 , 72.7 , 0
GKF0ItZDQgVAIwlfzOYty6JmfwrLNrvY , 5 , 208.69.32.17 , 0.507065 , -1 , 6.69 , 1
American Airlines , 5 , None , 0.212787 , 0.13 , -1 , 0
3OIvR1caCk4NIe0DaSPOPJxuJUiTRSnq , 5 , 208.69.32.13 , 0.203965 , -1 , 6.79 , 1
Huffington Post , 5 , 208.69.32.21 , 0.229599 , 0.13 , 6.4 , 0
pAsDigON4XrJR3J8q0hF8GcvJWA7JJvE , 5 , 65.210.205.174 , 0.201068 , -1 , -1 , 1
Krystle Campbell , 5 , None , 0.267481 , 0.13 , -1 , 0
tgwBqDsHwcIEq0RE68eELh5NdeZl3fz8 , 5 , 128.2.211.114 , 0.193407 , -1 , 0.036 , 1
Girls Love Beyonce , 5 , 12.229.6.3 , 0.268399 , 0.16 , 25.7 , 0
rZPL47hVXDdh2Sv8qLgfs4ETzyaNownk , 5 , None , 0.189529 , -1 , -1 , 1
Tracy McGrady , 5 , None , 0.275261 , 0.13 , -1 , 0
cPJrs2WnJMHRZgJYvKSPeInZ5FCi1mYG , 5 , 216.167.161.35 , 0.222995 , -1 , 42.5 , 1
USA TODAY , 5 , None , 1.472629 , 1.34 , -1 , 0
RmZ6rtKxzdeh7l4MJ8PzxDKOe2v3gzyP , 5 , None , 0.200251 , -1 , -1 , 1
Washington Post , 5 , 128.2.211.114 , 1.302584 , 0.15 , 0.042 , 0
XUnhpDCzp4WXkpijJ5TKTuQXEBnOKPj0 , 5 , 170.163.14.90 , 0.196543 , -1 , -1 , 1
Carlos Arredondo , 5 , 128.2.211.114 , 0.880963 , 0.16 , 0.043 , 0
nKh0Q8ntG10N0Re7puYcQcyy8P8DfRdN , 5 , 216.19.223.28 , 0.199267 , -1 , 36.4 , 1
Outside Lands , 5 , None , 0.253284 , 0.13 , -1 , 0
ACwihn9h2z66e9RH4hIuEvKdPcPj08zJ , 5 , None , 0.172713 , -1 , -1 , 1
ricin , 6 , None , 0.189008 , 0.08 , -1 , 0
GKF0ItZDQgVAIwlfzOYty6JmfwrLNrvY , 6 , None , 0.253248 , -1 , -1 , 1
American Airlines , 6 , None , 0.23375 , 0.16 , -1 , 0
3OIvR1caCk4NIe0DaSPOPJxuJUiTRSnq , 6 , None , 0.17821 , -1 , -1 , 1
Huffington Post , 6 , 128.2.211.114 , 0.278806 , 0.16 , 0.036 , 0
pAsDigON4XrJR3J8q0hF8GcvJWA7JJvE , 6 , None , 0.211628 , -1 , -1 , 1
Krystle Campbell , 6 , None , 0.219584 , 0.12 , -1 , 0
tgwBqDsHwcIEq0RE68eELh5NdeZl3fz8 , 6 , 68.1.208.19 , 0.181893 , -1 , 76.5 , 1
Girls Love Beyonce , 6 , 128.2.211.114 , 0.295956 , 0.16 , 0.048 , 0
rZPL47hVXDdh2Sv8qLgfs4ETzyaNownk , 6 , None , 0.195442 , -1 , -1 , 1
Tracy McGrady , 6 , 206.51.97.30 , 0.360487 , 0.21 , 25.1 , 0
cPJrs2WnJMHRZgJYvKSPeInZ5FCi1mYG , 6 , 128.2.211.114 , 0.651922 , -1 , 0.046 , 1
USA TODAY , 6 , 128.2.211.114 , 0.293026 , 0.15 , 0.046 , 0
RmZ6rtKxzdeh7l4MJ8PzxDKOe2v3gzyP , 6 , 198.5.241.54 , 0.210653 , -1 , -1 , 1
Washington Post , 6 , 8.0.15.58 , 0.378569 , 0.14 , -1 , 0
XUnhpDCzp4WXkpijJ5TKTuQXEBnOKPj0 , 6 , 204.194.238.13 , 0.398663 , -1 , 32.3 , 1
Carlos Arredondo , 6 , 66.234.185.8 , 0.272656 , 0.16 , 19.3 , 0
nKh0Q8ntG10N0Re7puYcQcyy8P8DfRdN , 6 , 128.2.211.114 , 0.173174 , -1 , 0.052 , 1
Outside Lands , 6 , None , 0.19909 , 0.12 , -1 , 0
ACwihn9h2z66e9RH4hIuEvKdPcPj08zJ , 6 , 186.208.127.242 , 0.214355 , -1 , -1 , 1
ricin , 7 , 208.67.217.15 , 0.223751 , 0.09 , 80.7 , 0
GKF0ItZDQgVAIwlfzOYty6JmfwrLNrvY , 7 , None , 0.228426 , -1 , -1 , 1
American Airlines , 7 , 128.2.211.114 , 0.284322 , 0.15 , 0.049 , 0
3OIvR1caCk4NIe0DaSPOPJxuJUiTRSnq , 7 , 128.2.211.114 , 0.181825 , -1 , 0.036 , 1
Huffington Post , 7 , 170.163.14.90 , 0.373037 , 0.14 , -1 , 0
pAsDigON4XrJR3J8q0hF8GcvJWA7JJvE , 7 , 128.2.211.114 , 0.195298 , -1 , 0.04 , 1
Krystle Campbell , 7 , None , 0.298236 , 0.12 , -1 , 0
tgwBqDsHwcIEq0RE68eELh5NdeZl3fz8 , 7 , None , 0.205621 , -1 , -1 , 1
Girls Love Beyonce , 7 , 131.215.139.100 , 0.280716 , 0.17 , 68.7 , 0
rZPL47hVXDdh2Sv8qLgfs4ETzyaNownk , 7 , None , 0.193586 , -1 , -1 , 1
Tracy McGrady , 7 , None , 0.360152 , 0.22 , -1 , 0
cPJrs2WnJMHRZgJYvKSPeInZ5FCi1mYG , 7 , 128.2.211.114 , 0.218447 , -1 , 0.035 , 1
USA TODAY , 7 , None , 0.310193 , 0.22 , -1 , 0
RmZ6rtKxzdeh7l4MJ8PzxDKOe2v3gzyP , 7 , 128.2.211.114 , 0.199318 , -1 , 0.034 , 1
Washington Post , 7 , 216.136.82.113 , 0.262848 , 0.16 , 39.0 , 0
XUnhpDCzp4WXkpijJ5TKTuQXEBnOKPj0 , 7 , None , 0.211456 , -1 , -1 , 1
Carlos Arredondo , 7 , 128.2.211.114 , 0.334959 , 0.25 , 0.043 , 0
nKh0Q8ntG10N0Re7puYcQcyy8P8DfRdN , 7 , 200.135.14.2 , 0.216444 , -1 , -1 , 1
Outside Lands , 7 , None , 0.218581 , 0.13 , -1 , 0
ACwihn9h2z66e9RH4hIuEvKdPcPj08zJ , 7 , 64.233.162.82 , 1.321513 , -1 , -1 , 1
ricin , 8 , None , 0.202674 , 0.1 , -1 , 0
GKF0ItZDQgVAIwlfzOYty6JmfwrLNrvY , 8 , None , 0.17673 , -1 , -1 , 1
American Airlines , 8 , None , 0.263387 , 0.18 , -1 , 0
3OIvR1caCk4NIe0DaSPOPJxuJUiTRSnq , 8 , 74.125.178.18 , 0.182451 , -1 , 22.4 , 1
Huffington Post , 8 , None , 0.281758 , 0.2 , -1 , 0
pAsDigON4XrJR3J8q0hF8GcvJWA7JJvE , 8 , None , 0.198901 , -1 , -1 , 1
Krystle Campbell , 8 , 128.2.211.114 , 0.301 , 0.14 , 0.037 , 0
tgwBqDsHwcIEq0RE68eELh5NdeZl3fz8 , 8 , 198.177.159.60 , 0.218828 , -1 , -1 , 1
Girls Love Beyonce , 8 , None , 0.242315 , 0.15 , -1 , 0
rZPL47hVXDdh2Sv8qLgfs4ETzyaNownk , 8 , None , 0.175379 , -1 , -1 , 1
Tracy McGrady , 8 , 66.162.9.252 , 0.326448 , 0.14 , 18.0 , 0
cPJrs2WnJMHRZgJYvKSPeInZ5FCi1mYG , 8 , None , 0.242213 , -1 , -1 , 1
USA TODAY , 8 , None , 0.332745 , 0.2 , -1 , 0
RmZ6rtKxzdeh7l4MJ8PzxDKOe2v3gzyP , 8 , None , 0.186544 , -1 , -1 , 1
Washington Post , 8 , None , 0.298301 , 0.21 , -1 , 0
XUnhpDCzp4WXkpijJ5TKTuQXEBnOKPj0 , 8 , None , 0.222931 , -1 , -1 , 1
Carlos Arredondo , 8 , None , 0.28669 , 0.16 , -1 , 0
nKh0Q8ntG10N0Re7puYcQcyy8P8DfRdN , 8 , 128.2.211.114 , 0.584618 , -1 , 0.045 , 1
Outside Lands , 8 , 128.2.211.114 , 0.382085 , 0.24 , 0.047 , 0
ACwihn9h2z66e9RH4hIuEvKdPcPj08zJ , 8 , None , 0.193881 , -1 , -1 , 1
ricin , 9 , 128.2.211.114 , 1.113071 , 0.13 , 0.039 , 0
GKF0ItZDQgVAIwlfzOYty6JmfwrLNrvY , 9 , None , 0.286539 , -1 , -1 , 1
American Airlines , 9 , None , 0.225322 , 0.14 , -1 , 0
3OIvR1caCk4NIe0DaSPOPJxuJUiTRSnq , 9 , None , 0.21306 , -1 , -1 , 1
Huffington Post , 9 , 128.2.211.114 , 0.35166 , 0.15 , 0.037 , 0
pAsDigON4XrJR3J8q0hF8GcvJWA7JJvE , 9 , 128.2.211.114 , 0.210998 , -1 , 0.043 , 1
Krystle Campbell , 9 , None , 0.252239 , 0.12 , -1 , 0
tgwBqDsHwcIEq0RE68eELh5NdeZl3fz8 , 9 , None , 0.205957 , -1 , -1 , 1
Girls Love Beyonce , 9 , None , 0.254434 , 0.17 , -1 , 0
rZPL47hVXDdh2Sv8qLgfs4ETzyaNownk , 9 , None , 0.229492 , -1 , -1 , 1
Tracy McGrady , 9 , None , 0.312781 , 0.16 , -1 , 0
cPJrs2WnJMHRZgJYvKSPeInZ5FCi1mYG , 9 , None , 0.291006 , -1 , -1 , 1
USA TODAY , 9 , 128.2.211.114 , 0.273052 , 0.14 , 0.043 , 0
RmZ6rtKxzdeh7l4MJ8PzxDKOe2v3gzyP , 9 , 64.129.67.114 , 0.214891 , -1 , 49.7 , 1
Washington Post , 9 , 128.2.211.114 , 1.2392 , 0.13 , 0.041 , 0
XUnhpDCzp4WXkpijJ5TKTuQXEBnOKPj0 , 9 , 67.67.4.30 , 0.190595 , -1 , 39.7 , 1
Carlos Arredondo , 9 , 64.129.67.112 , 0.297837 , 0.21 , 48.3 , 0
nKh0Q8ntG10N0Re7puYcQcyy8P8DfRdN , 9 , 216.136.82.114 , 0.188768 , -1 , 42.5 , 1
Outside Lands , 9 , None , 0.279468 , 0.18 , -1 , 0
ACwihn9h2z66e9RH4hIuEvKdPcPj08zJ , 9 , None , 0.147161 , -1 , -1 , 1
ricin , 0 , None , 0.234363 , 0.11 , -1 , 0
odEm32fN4KxHPsKqT2UYj8XsLEibSaiF , 0 , None , 0.200283 , -1 , -1 , 1
Krystle Campbell , 0 , None , 0.26142 , 0.16 , -1 , 0
2ebsSBoKYl1L2GlYGolU0q0Ab8umQdfw , 0 , 128.2.211.114 , 0.31574 , -1 , 0.043 , 1
Huffington Post , 0 , None , 0.341578 , 0.21 , -1 , 0
cz0Ffry8YyU5uHtqBYDCTtk8P8xLa0Ug , 0 , None , 0.196148 , -1 , -1 , 1
Girls Love Beyonce , 0 , None , 0.282024 , 0.16 , -1 , 0
2UDvxm0Po33bCjSvwBIcH58j1UYACDqN , 0 , None , 0.229759 , -1 , -1 , 1
BBC News , 0 , None , 0.258746 , 0.18 , -1 , 0
g775PRmGnr4PYhGyUXQpfm5xpmZprCrZ , 0 , 192.102.232.18 , 2.36403 , -1 , 19.4 , 1
Carlos Arredondo , 0 , 128.2.211.114 , 0.454441 , 0.18 , 0.042 , 0
w1ilU1wSQWPcPU8ZiIHwVCZjcY9i4T7W , 0 , None , 0.212705 , -1 , -1 , 1
Tracy McGrady , 0 , None , 0.26436 , 0.16 , -1 , 0
5AiNXaHI11BNd7zJ6lnqUjkMt2G8QUI1 , 0 , None , 0.188515 , -1 , -1 , 1
Washington Post , 0 , 64.80.255.122 , 0.247037 , 0.16 , 58.9 , 0
wVVQb3Ups65iYjXFmmgko6dkMs49sFku , 0 , None , 0.206019 , -1 , -1 , 1
Outside Lands , 0 , 192.189.247.36 , 0.255236 , 0.15 , 22.8 , 0
KMlTnKqZyEcKY9AyAvrDGD5Vh5bYalRB , 0 , 128.2.211.114 , 0.226076 , -1 , 0.036 , 1
Patton Oswalt , 0 , None , 0.439538 , 0.2 , -1 , 0
fTtRmKv9ila7iZCLJdLpaA9JxCX3HqXL , 0 , None , 0.237455 , -1 , -1 , 1
ricin , 1 , 64.233.162.80 , 0.26921 , 0.1 , -1 , 0
odEm32fN4KxHPsKqT2UYj8XsLEibSaiF , 1 , None , 0.20346 , -1 , -1 , 1
Krystle Campbell , 1 , 208.74.80.50 , 0.368398 , 0.11 , 14.8 , 0
2ebsSBoKYl1L2GlYGolU0q0Ab8umQdfw , 1 , 170.163.14.90 , 0.208545 , -1 , -1 , 1
Huffington Post , 1 , 128.2.211.114 , 0.270793 , 0.14 , 0.037 , 0
cz0Ffry8YyU5uHtqBYDCTtk8P8xLa0Ug , 1 , 170.163.14.90 , 0.174573 , -1 , -1 , 1
Girls Love Beyonce , 1 , 128.2.211.114 , 0.285298 , 0.16 , 0.034 , 0
2UDvxm0Po33bCjSvwBIcH58j1UYACDqN , 1 , None , 0.22226 , -1 , -1 , 1
BBC News , 1 , 8.0.23.138 , 0.223359 , 0.12 , -1 , 0
g775PRmGnr4PYhGyUXQpfm5xpmZprCrZ , 1 , None , 0.191856 , -1 , -1 , 1
Carlos Arredondo , 1 , 205.213.14.37 , 0.289739 , 0.16 , 30.4 , 0
w1ilU1wSQWPcPU8ZiIHwVCZjcY9i4T7W , 1 , None , 0.187023 , -1 , -1 , 1
Tracy McGrady , 1 , None , 0.268104 , 0.14 , -1 , 0
5AiNXaHI11BNd7zJ6lnqUjkMt2G8QUI1 , 1 , 128.2.211.114 , 0.186244 , -1 , 0.042 , 1
Washington Post , 1 , None , 0.341292 , 0.19 , -1 , 0
wVVQb3Ups65iYjXFmmgko6dkMs49sFku , 1 , 128.2.211.114 , 0.229652 , -1 , 0.044 , 1
Outside Lands , 1 , 208.20.6.242 , 0.297197 , 0.11 , 12.7 , 0
KMlTnKqZyEcKY9AyAvrDGD5Vh5bYalRB , 1 , None , 0.239898 , -1 , -1 , 1
Patton Oswalt , 1 , None , 0.435205 , 0.27 , -1 , 0
fTtRmKv9ila7iZCLJdLpaA9JxCX3HqXL , 1 , 128.2.211.114 , 0.796169 , -1 , 0.034 , 1
ricin , 2 , None , 0.245768 , 0.12 , -1 , 0
odEm32fN4KxHPsKqT2UYj8XsLEibSaiF , 2 , 200.0.243.10 , 0.345988 , -1 , -1 , 1
Krystle Campbell , 2 , None , 0.232231 , 0.13 , -1 , 0
2ebsSBoKYl1L2GlYGolU0q0Ab8umQdfw , 2 , None , 0.178907 , -1 , -1 , 1
Huffington Post , 2 , 206.80.192.2 , 0.217859 , 0.14 , 75.8 , 0
cz0Ffry8YyU5uHtqBYDCTtk8P8xLa0Ug , 2 , None , 0.176883 , -1 , -1 , 1
Girls Love Beyonce , 2 , 173.203.4.47 , 0.304868 , 0.22 , 26.0 , 0
2UDvxm0Po33bCjSvwBIcH58j1UYACDqN , 2 , None , 0.223375 , -1 , -1 , 1
BBC News , 2 , 170.163.14.90 , 0.207976 , 0.13 , -1 , 0
g775PRmGnr4PYhGyUXQpfm5xpmZprCrZ , 2 , None , 0.173997 , -1 , -1 , 1
Carlos Arredondo , 2 , None , 0.308744 , 0.17 , -1 , 0
w1ilU1wSQWPcPU8ZiIHwVCZjcY9i4T7W , 2 , None , 0.207462 , -1 , -1 , 1
Tracy McGrady , 2 , None , 0.329994 , 0.17 , -1 , 0
5AiNXaHI11BNd7zJ6lnqUjkMt2G8QUI1 , 2 , 192.221.163.70 , 0.194077 , -1 , -1 , 1
Washington Post , 2 , 200.69.193.230 , 0.293216 , 0.15 , -1 , 0
wVVQb3Ups65iYjXFmmgko6dkMs49sFku , 2 , 128.2.211.114 , 0.546104 , -1 , 0.045 , 1
Outside Lands , 2 , None , 0.25541 , 0.18 , -1 , 0
KMlTnKqZyEcKY9AyAvrDGD5Vh5bYalRB , 2 , 128.2.211.114 , 0.222986 , -1 , 0.048 , 1
Patton Oswalt , 2 , 200.0.243.10 , 1.02045 , 0.22 , -1 , 0
fTtRmKv9ila7iZCLJdLpaA9JxCX3HqXL , 2 , 128.2.211.114 , 0.231945 , -1 , 0.039 , 1
ricin , 3 , 74.125.178.17 , 2.267898 , 0.1 , 22.3 , 0
odEm32fN4KxHPsKqT2UYj8XsLEibSaiF , 3 , None , 0.233046 , -1 , -1 , 1
Krystle Campbell , 3 , None , 0.287644 , 0.14 , -1 , 0
2ebsSBoKYl1L2GlYGolU0q0Ab8umQdfw , 3 , None , 0.224361 , -1 , -1 , 1
Huffington Post , 3 , None , 0.28954 , 0.14 , -1 , 0
cz0Ffry8YyU5uHtqBYDCTtk8P8xLa0Ug , 3 , None , 0.190975 , -1 , -1 , 1
Girls Love Beyonce , 3 , None , 0.334127 , 0.24 , -1 , 0
2UDvxm0Po33bCjSvwBIcH58j1UYACDqN , 3 , None , 0.222475 , -1 , -1 , 1
BBC News , 3 , 67.215.95.16 , 0.285038 , 0.18 , 72.8 , 0
g775PRmGnr4PYhGyUXQpfm5xpmZprCrZ , 3 , None , 0.216207 , -1 , -1 , 1
Carlos Arredondo , 3 , None , 0.281447 , 0.19 , -1 , 0
w1ilU1wSQWPcPU8ZiIHwVCZjcY9i4T7W , 3 , 128.2.211.114 , 0.207842 , -1 , 0.041 , 1
Tracy McGrady , 3 , None , 0.290184 , 0.14 , -1 , 0
5AiNXaHI11BNd7zJ6lnqUjkMt2G8QUI1 , 3 , 209.17.152.134 , 0.213245 , -1 , -1 , 1
Washington Post , 3 , None , 0.287406 , 0.2 , -1 , 0
wVVQb3Ups65iYjXFmmgko6dkMs49sFku , 3 , 128.2.211.114 , 0.222639 , -1 , 0.036 , 1
Outside Lands , 3 , 128.2.211.114 , 0.207195 , 0.11 , 0.044 , 0
KMlTnKqZyEcKY9AyAvrDGD5Vh5bYalRB , 3 , None , 0.194214 , -1 , -1 , 1
Patton Oswalt , 3 , 202.139.1.195 , 0.280312 , 0.17 , -1 , 0
fTtRmKv9ila7iZCLJdLpaA9JxCX3HqXL , 3 , None , 0.178606 , -1 , -1 , 1
ricin , 4 , None , 0.221856 , 0.14 , -1 , 0
odEm32fN4KxHPsKqT2UYj8XsLEibSaiF , 4 , None , 0.195968 , -1 , -1 , 1
Krystle Campbell , 4 , 12.121.116.24 , 0.242766 , 0.15 , -1 , 0
2ebsSBoKYl1L2GlYGolU0q0Ab8umQdfw , 4 , 35.8.98.11 , 0.224573 , -1 , 30.1 , 1
Huffington Post , 4 , 128.2.211.114 , 0.368268 , 0.14 , 0.047 , 0
cz0Ffry8YyU5uHtqBYDCTtk8P8xLa0Ug , 4 , None , 0.209949 , -1 , -1 , 1
Girls Love Beyonce , 4 , 128.2.211.114 , 0.996077 , 0.17 , 0.041 , 0
2UDvxm0Po33bCjSvwBIcH58j1UYACDqN , 4 , 128.2.211.114 , 0.279834 , -1 , 0.043 , 1
BBC News , 4 , None , 0.321963 , 0.12 , -1 , 0
g775PRmGnr4PYhGyUXQpfm5xpmZprCrZ , 4 , 205.202.39.200 , 0.901807 , -1 , -1 , 1
Carlos Arredondo , 4 , 208.69.36.11 , 0.331554 , 0.18 , 13.4 , 0
w1ilU1wSQWPcPU8ZiIHwVCZjcY9i4T7W , 4 , 170.163.14.90 , 0.201815 , -1 , -1 , 1
Tracy McGrady , 4 , None , 0.288446 , 0.15 , -1 , 0
5AiNXaHI11BNd7zJ6lnqUjkMt2G8QUI1 , 4 , None , 0.252323 , -1 , -1 , 1
Washington Post , 4 , None , 0.227042 , 0.15 , -1 , 0
wVVQb3Ups65iYjXFmmgko6dkMs49sFku , 4 , 128.2.211.114 , 0.406331 , -1 , 0.042 , 1
Outside Lands , 4 , 128.2.211.114 , 0.20364 , 0.11 , 0.042 , 0
KMlTnKqZyEcKY9AyAvrDGD5Vh5bYalRB , 4 , None , 0.198936 , -1 , -1 , 1
Patton Oswalt , 4 , 200.69.193.230 , 0.641696 , 0.23 , -1 , 0
fTtRmKv9ila7iZCLJdLpaA9JxCX3HqXL , 4 , 128.2.211.114 , 0.36849 , -1 , 0.047 , 1
ricin , 5 , None , 0.20781 , 0.1 , -1 , 0
odEm32fN4KxHPsKqT2UYj8XsLEibSaiF , 5 , None , 0.182365 , -1 , -1 , 1
Krystle Campbell , 5 , 164.58.233.202 , 0.243558 , 0.11 , 36.9 , 0
2ebsSBoKYl1L2GlYGolU0q0Ab8umQdfw , 5 , None , 0.177821 , -1 , -1 , 1
Huffington Post , 5 , 128.2.211.114 , 0.222973 , 0.13 , 0.045 , 0
cz0Ffry8YyU5uHtqBYDCTtk8P8xLa0Ug , 5 , 128.2.211.114 , 0.839353 , -1 , 0.044 , 1
Girls Love Beyonce , 5 , 200.184.26.17 , 0.342275 , 0.19 , -1 , 0
2UDvxm0Po33bCjSvwBIcH58j1UYACDqN , 5 , None , 0.223239 , -1 , -1 , 1
BBC News , 5 , 190.96.112.140 , 0.225511 , 0.14 , -1 , 0
g775PRmGnr4PYhGyUXQpfm5xpmZprCrZ , 5 , 192.221.159.67 , 0.231176 , -1 , -1 , 1
Carlos Arredondo , 5 , None , 0.345473 , 0.22 , -1 , 0
w1ilU1wSQWPcPU8ZiIHwVCZjcY9i4T7W , 5 , 65.171.153.21 , 0.338619 , -1 , 36.9 , 1
Tracy McGrady , 5 , None , 0.535914 , 0.34 , -1 , 0
5AiNXaHI11BNd7zJ6lnqUjkMt2G8QUI1 , 5 , None , 0.241259 , -1 , -1 , 1
Washington Post , 5 , 128.2.211.114 , 0.284105 , 0.13 , 0.046 , 0
wVVQb3Ups65iYjXFmmgko6dkMs49sFku , 5 , None , 0.242955 , -1 , -1 , 1
Outside Lands , 5 , 156.154.63.103 , 0.221538 , 0.13 , -1 , 0
KMlTnKqZyEcKY9AyAvrDGD5Vh5bYalRB , 5 , 128.2.211.114 , 0.199569 , -1 , 0.036 , 1
Patton Oswalt , 5 , None , 0.253302 , 0.16 , -1 , 0
fTtRmKv9ila7iZCLJdLpaA9JxCX3HqXL , 5 , None , 0.183363 , -1 , -1 , 1
ricin , 6 , None , 0.192255 , 0.09 , -1 , 0
odEm32fN4KxHPsKqT2UYj8XsLEibSaiF , 6 , 128.2.211.114 , 0.258578 , -1 , 0.037 , 1
Krystle Campbell , 6 , 23.22.246.101 , 0.267492 , 0.13 , -1 , 0
2ebsSBoKYl1L2GlYGolU0q0Ab8umQdfw , 6 , None , 0.222416 , -1 , -1 , 1
Huffington Post , 6 , 128.2.211.114 , 0.319406 , 0.16 , 0.045 , 0
cz0Ffry8YyU5uHtqBYDCTtk8P8xLa0Ug , 6 , None , 0.206292 , -1 , -1 , 1
Girls Love Beyonce , 6 , None , 0.250298 , 0.17 , -1 , 0
2UDvxm0Po33bCjSvwBIcH58j1UYACDqN , 6 , None , 0.185505 , -1 , -1 , 1
BBC News , 6 , 128.2.211.114 , 0.550341 , 0.19 , 0.044 , 0
g775PRmGnr4PYhGyUXQpfm5xpmZprCrZ , 6 , None , 0.218574 , -1 , -1 , 1
Carlos Arredondo , 6 , 68.87.72.141 , 0.256601 , 0.16 , 23.1 , 0
w1ilU1wSQWPcPU8ZiIHwVCZjcY9i4T7W , 6 , 200.70.31.10 , 0.325317 , -1 , -1 , 1
Tracy McGrady , 6 , None , 0.234296 , 0.14 , -1 , 0
5AiNXaHI11BNd7zJ6lnqUjkMt2G8QUI1 , 6 , None , 0.186395 , -1 , -1 , 1
Washington Post , 6 , None , 0.245386 , 0.16 , -1 , 0
wVVQb3Ups65iYjXFmmgko6dkMs49sFku , 6 , 74.125.183.22 , 0.177821 , -1 , 36.6 , 1
Outside Lands , 6 , None , 0.192876 , 0.12 , -1 , 0
KMlTnKqZyEcKY9AyAvrDGD5Vh5bYalRB , 6 , None , 0.17411 , -1 , -1 , 1
Patton Oswalt , 6 , None , 0.381782 , 0.2 , -1 , 0
fTtRmKv9ila7iZCLJdLpaA9JxCX3HqXL , 6 , 128.2.211.114 , 0.4747 , -1 , 0.041 , 1
ricin , 7 , None , 0.198532 , 0.09 , -1 , 0
odEm32fN4KxHPsKqT2UYj8XsLEibSaiF , 7 , 209.17.152.134 , 0.173079 , -1 , -1 , 1
Krystle Campbell , 7 , 66.102.222.22 , 0.716375 , 0.17 , 60.9 , 0
2ebsSBoKYl1L2GlYGolU0q0Ab8umQdfw , 7 , 192.221.162.37 , 0.180834 , -1 , -1 , 1
Huffington Post , 7 , 208.233.34.15 , 0.225052 , 0.12 , 31.5 , 0
cz0Ffry8YyU5uHtqBYDCTtk8P8xLa0Ug , 7 , 198.178.254.26 , 0.225289 , -1 , 49.4 , 1
Girls Love Beyonce , 7 , None , 0.25021 , 0.16 , -1 , 0
2UDvxm0Po33bCjSvwBIcH58j1UYACDqN , 7 , 128.2.211.114 , 0.182266 , -1 , 0.033 , 1
BBC News , 7 , None , 0.236942 , 0.11 , -1 , 0
g775PRmGnr4PYhGyUXQpfm5xpmZprCrZ , 7 , None , 0.199847 , -1 , -1 , 1
Carlos Arredondo , 7 , None , 0.287557 , 0.2 , -1 , 0
w1ilU1wSQWPcPU8ZiIHwVCZjcY9i4T7W , 7 , None , 0.208777 , -1 , -1 , 1
Tracy McGrady , 7 , None , 0.273709 , 0.13 , -1 , 0
5AiNXaHI11BNd7zJ6lnqUjkMt2G8QUI1 , 7 , None , 0.215052 , -1 , -1 , 1
Washington Post , 7 , None , 0.224927 , 0.14 , -1 , 0
wVVQb3Ups65iYjXFmmgko6dkMs49sFku , 7 , 142.77.2.36 , 0.429154 , -1 , 29.6 , 1
Outside Lands , 7 , None , 0.232667 , 0.12 , -1 , 0
KMlTnKqZyEcKY9AyAvrDGD5Vh5bYalRB , 7 , 204.74.102.103 , 0.223655 , -1 , -1 , 1
Patton Oswalt , 7 , 132.207.29.2 , 0.371638 , 0.2 , -1 , 0
fTtRmKv9ila7iZCLJdLpaA9JxCX3HqXL , 7 , None , 0.175213 , -1 , -1 , 1
ricin , 8 , 200.0.243.10 , 0.21342 , 0.1 , -1 , 0
odEm32fN4KxHPsKqT2UYj8XsLEibSaiF , 8 , 24.92.226.221 , 0.230801 , -1 , 29.9 , 1
Krystle Campbell , 8 , 128.2.211.114 , 0.251151 , 0.13 , 0.038 , 0
2ebsSBoKYl1L2GlYGolU0q0Ab8umQdfw , 8 , None , 0.195631 , -1 , -1 , 1
Huffington Post , 8 , None , 0.219947 , 0.14 , -1 , 0
cz0Ffry8YyU5uHtqBYDCTtk8P8xLa0Ug , 8 , 137.99.25.14 , 0.1706 , -1 , 30.8 , 1
Girls Love Beyonce , 8 , None , 0.292056 , 0.18 , -1 , 0
2UDvxm0Po33bCjSvwBIcH58j1UYACDqN , 8 , 200.0.243.11 , 0.292948 , -1 , -1 , 1
BBC News , 8 , 128.2.211.114 , 0.733667 , 0.19 , 0.035 , 0
g775PRmGnr4PYhGyUXQpfm5xpmZprCrZ , 8 , 200.0.243.11 , 0.196314 , -1 , -1 , 1
Carlos Arredondo , 8 , None , 0.250154 , 0.16 , -1 , 0
w1ilU1wSQWPcPU8ZiIHwVCZjcY9i4T7W , 8 , 200.0.243.11 , 0.273402 , -1 , -1 , 1
Tracy McGrady , 8 , None , 0.328814 , 0.17 , -1 , 0
5AiNXaHI11BNd7zJ6lnqUjkMt2G8QUI1 , 8 , 200.69.193.232 , 1.167136 , -1 , -1 , 1
Washington Post , 8 , None , 0.297609 , 0.2 , -1 , 0
wVVQb3Ups65iYjXFmmgko6dkMs49sFku , 8 , 170.163.14.90 , 0.299512 , -1 , -1 , 1
Outside Lands , 8 , None , 0.236249 , 0.16 , -1 , 0
KMlTnKqZyEcKY9AyAvrDGD5Vh5bYalRB , 8 , None , 0.192918 , -1 , -1 , 1
Patton Oswalt , 8 , 128.2.211.114 , 0.327174 , 0.2 , 0.045 , 0
fTtRmKv9ila7iZCLJdLpaA9JxCX3HqXL , 8 , None , 0.231225 , -1 , -1 , 1
ricin , 9 , None , 0.200315 , 0.1 , -1 , 0
odEm32fN4KxHPsKqT2UYj8XsLEibSaiF , 9 , None , 0.175571 , -1 , -1 , 1
Krystle Campbell , 9 , None , 0.225853 , 0.13 , -1 , 0
2ebsSBoKYl1L2GlYGolU0q0Ab8umQdfw , 9 , None , 0.194519 , -1 , -1 , 1
Huffington Post , 9 , None , 0.228326 , 0.15 , -1 , 0
cz0Ffry8YyU5uHtqBYDCTtk8P8xLa0Ug , 9 , 128.2.211.114 , 0.206771 , -1 , 0.038 , 1
Girls Love Beyonce , 9 , None , 0.284485 , 0.16 , -1 , 0
2UDvxm0Po33bCjSvwBIcH58j1UYACDqN , 9 , None , 0.304225 , -1 , -1 , 1
BBC News , 9 , None , 0.223511 , 0.12 , -1 , 0
g775PRmGnr4PYhGyUXQpfm5xpmZprCrZ , 9 , None , 0.20586 , -1 , -1 , 1
Carlos Arredondo , 9 , None , 0.291047 , 0.2 , -1 , 0
w1ilU1wSQWPcPU8ZiIHwVCZjcY9i4T7W , 9 , None , 0.216874 , -1 , -1 , 1
Tracy McGrady , 9 , 170.163.14.90 , 0.283265 , 0.16 , -1 , 0
5AiNXaHI11BNd7zJ6lnqUjkMt2G8QUI1 , 9 , 209.137.146.2 , 0.378003 , -1 , 79.1 , 1
Washington Post , 9 , 200.69.193.232 , 0.271563 , 0.15 , -1 , 0
wVVQb3Ups65iYjXFmmgko6dkMs49sFku , 9 , 143.107.51.2 , 0.381618 , -1 , -1 , 1
Outside Lands , 9 , 199.208.208.46 , 0.20776 , 0.13 , -1 , 0
KMlTnKqZyEcKY9AyAvrDGD5Vh5bYalRB , 9 , None , 0.187951 , -1 , -1 , 1
Patton Oswalt , 9 , None , 0.276349 , 0.17 , -1 , 0
fTtRmKv9ila7iZCLJdLpaA9JxCX3HqXL , 9 , 206.64.198.60 , 0.252473 , -1 , 12.7 , 1
Pat Summerall , 0 , 170.163.14.90 , 0.306758 , 0.15 , -1 , 0
P7DM967qiazfufp6CpHUSvSUsSCXskhT , 0 , None , 0.206476 , -1 , -1 , 1
ricin , 0 , None , 0.201024 , 0.12 , -1 , 0
2C6gk7wwVsthEHOVV9X4Z2yE825gLVhA , 0 , None , 0.284595 , -1 , -1 , 1
American Airlines , 0 , 128.104.20.26 , 0.460088 , 0.26 , 19.9 , 0
9HeDAiMmZL6uQwXD26jYPAgLatiwpNQh , 0 , None , 0.232168 , -1 , -1 , 1
Huffington Post , 0 , None , 0.337748 , 0.21 , -1 , 0
RTkPjSZaumSdutRtg2QnN0RQZERthSO5 , 0 , 66.180.96.119 , 0.670278 , -1 , 42.7 , 1
Krystle Campbell , 0 , None , 0.299784 , 0.14 , -1 , 0
Z53FFipjJgOqPsMyQG7ibgVu9DnyZAS3 , 0 , None , 0.225056 , -1 , -1 , 1
Girls Love Beyonce , 0 , None , 0.360633 , 0.21 , -1 , 0
XRSVuRrmNm4XSCRbadbOdOck6zIyxBa7 , 0 , 208.60.28.21 , 0.431898 , -1 , -1 , 1
Carlos Arredondo , 0 , None , 0.297688 , 0.17 , -1 , 0
AFeZcT16aHa7S7iH4bfI1UOS335B1YGo , 0 , None , 0.181671 , -1 , -1 , 1
Friends , 0 , None , 0.441416 , 0.3 , -1 , 0
wWZOaOmA4IPkudwDwEao203wXwjHarqE , 0 , None , 0.191193 , -1 , -1 , 1
Tracy McGrady , 0 , None , 0.306986 , 0.18 , -1 , 0
KCHRC33PbGZClveiO3Kg7LWhv37BKKwv , 0 , None , 0.179876 , -1 , -1 , 1
Washington Post , 0 , None , 0.236118 , 0.14 , -1 , 0
cUsZTy9pZZfMeHOCdSy9uXoowhTRKZ2N , 0 , 208.90.105.6 , 0.541544 , -1 , 46.4 , 1
Pat Summerall , 1 , None , 0.286448 , 0.17 , -1 , 0
P7DM967qiazfufp6CpHUSvSUsSCXskhT , 1 , None , 0.205214 , -1 , -1 , 1
ricin , 1 , None , 0.196017 , 0.11 , -1 , 0
2C6gk7wwVsthEHOVV9X4Z2yE825gLVhA , 1 , 128.2.211.114 , 0.563725 , -1 , 0.035 , 1
American Airlines , 1 , None , 0.283405 , 0.17 , -1 , 0
9HeDAiMmZL6uQwXD26jYPAgLatiwpNQh , 1 , None , 0.177652 , -1 , -1 , 1
Huffington Post , 1 , None , 0.290901 , 0.16 , -1 , 0
RTkPjSZaumSdutRtg2QnN0RQZERthSO5 , 1 , None , 0.20704 , -1 , -1 , 1
Krystle Campbell , 1 , None , 0.267377 , 0.12 , -1 , 0
Z53FFipjJgOqPsMyQG7ibgVu9DnyZAS3 , 1 , 212.73.140.66 , 0.231953 , -1 , -1 , 1
Girls Love Beyonce , 1 , None , 0.332215 , 0.2 , -1 , 0
XRSVuRrmNm4XSCRbadbOdOck6zIyxBa7 , 1 , None , 0.178901 , -1 , -1 , 1
Carlos Arredondo , 1 , 128.2.211.114 , 0.4571 , 0.23 , 0.034 , 0
AFeZcT16aHa7S7iH4bfI1UOS335B1YGo , 1 , 200.69.193.231 , 0.234031 , -1 , -1 , 1
Friends , 1 , None , 0.495169 , 0.26 , -1 , 0
wWZOaOmA4IPkudwDwEao203wXwjHarqE , 1 , 204.74.103.104 , 0.32834 , -1 , -1 , 1
Tracy McGrady , 1 , None , 0.337803 , 0.16 , -1 , 0
KCHRC33PbGZClveiO3Kg7LWhv37BKKwv , 1 , 204.194.237.23 , 0.287486 , -1 , 63.6 , 1
Washington Post , 1 , 68.105.29.236 , 0.260326 , 0.16 , 48.0 , 0
cUsZTy9pZZfMeHOCdSy9uXoowhTRKZ2N , 1 , None , 0.185583 , -1 , -1 , 1
Pat Summerall , 2 , 128.2.211.114 , 0.92976 , 0.13 , 0.039 , 0
P7DM967qiazfufp6CpHUSvSUsSCXskhT , 2 , 206.141.192.37 , 0.429171 , -1 , 24.6 , 1
ricin , 2 , 128.2.211.114 , 0.379906 , 0.13 , 0.044 , 0
2C6gk7wwVsthEHOVV9X4Z2yE825gLVhA , 2 , 68.179.206.70 , 0.210537 , -1 , 70.1 , 1
American Airlines , 2 , None , 0.273253 , 0.15 , -1 , 0
9HeDAiMmZL6uQwXD26jYPAgLatiwpNQh , 2 , None , 0.192427 , -1 , -1 , 1
Huffington Post , 2 , None , 0.282989 , 0.15 , -1 , 0
RTkPjSZaumSdutRtg2QnN0RQZERthSO5 , 2 , None , 0.201865 , -1 , -1 , 1
Krystle Campbell , 2 , 170.163.14.90 , 0.283978 , 0.13 , -1 , 0
Z53FFipjJgOqPsMyQG7ibgVu9DnyZAS3 , 2 , 128.2.211.114 , 0.196936 , -1 , 0.037 , 1
Girls Love Beyonce , 2 , None , 0.359484 , 0.23 , -1 , 0
XRSVuRrmNm4XSCRbadbOdOck6zIyxBa7 , 2 , None , 0.207154 , -1 , -1 , 1
Carlos Arredondo , 2 , None , 0.360003 , 0.22 , -1 , 0
AFeZcT16aHa7S7iH4bfI1UOS335B1YGo , 2 , None , 0.203474 , -1 , -1 , 1
Friends , 2 , None , 0.391741 , 0.27 , -1 , 0
wWZOaOmA4IPkudwDwEao203wXwjHarqE , 2 , 216.241.29.51 , 0.231119 , -1 , -1 , 1
Tracy McGrady , 2 , None , 0.385437 , 0.25 , -1 , 0
KCHRC33PbGZClveiO3Kg7LWhv37BKKwv , 2 , 170.163.14.90 , 0.207374 , -1 , -1 , 1
Washington Post , 2 , None , 0.2517 , 0.16 , -1 , 0
cUsZTy9pZZfMeHOCdSy9uXoowhTRKZ2N , 2 , 64.94.196.70 , 0.181156 , -1 , 13.4 , 1
Pat Summerall , 3 , None , 0.331485 , 0.18 , -1 , 0
P7DM967qiazfufp6CpHUSvSUsSCXskhT , 3 , None , 0.243708 , -1 , -1 , 1
ricin , 3 , 128.2.211.114 , 0.195022 , 0.12 , 0.044 , 0
2C6gk7wwVsthEHOVV9X4Z2yE825gLVhA , 3 , 128.2.211.114 , 1.282478 , -1 , 0.035 , 1
American Airlines , 3 , 128.2.211.114 , 0.300961 , 0.18 , 0.035 , 0
9HeDAiMmZL6uQwXD26jYPAgLatiwpNQh , 3 , 151.164.1.15 , 0.185725 , -1 , 36.8 , 1
Huffington Post , 3 , 128.2.211.114 , 0.262331 , 0.14 , 0.036 , 0
RTkPjSZaumSdutRtg2QnN0RQZERthSO5 , 3 , None , 0.2099 , -1 , -1 , 1
Krystle Campbell , 3 , 214.13.16.140 , 0.295178 , 0.16 , -1 , 0
Z53FFipjJgOqPsMyQG7ibgVu9DnyZAS3 , 3 , 128.2.211.114 , 0.191736 , -1 , 0.038 , 1
Girls Love Beyonce , 3 , None , 0.375874 , 0.23 , -1 , 0
XRSVuRrmNm4XSCRbadbOdOck6zIyxBa7 , 3 , None , 0.209838 , -1 , -1 , 1
Carlos Arredondo , 3 , None , 0.301622 , 0.18 , -1 , 0
AFeZcT16aHa7S7iH4bfI1UOS335B1YGo , 3 , 173.194.99.83 , 0.345364 , -1 , 41.5 , 1
Friends , 3 , 204.194.238.21 , 0.364575 , 0.23 , 43.2 , 0
wWZOaOmA4IPkudwDwEao203wXwjHarqE , 3 , 75.98.203.11 , 0.558815 , -1 , 19.8 , 1
Tracy McGrady , 3 , 128.2.211.114 , 0.310512 , 0.19 , 0.039 , 0
KCHRC33PbGZClveiO3Kg7LWhv37BKKwv , 3 , 149.169.194.25 , 0.190849 , -1 , 78.5 , 1
Washington Post , 3 , None , 0.24321 , 0.15 , -1 , 0
cUsZTy9pZZfMeHOCdSy9uXoowhTRKZ2N , 3 , None , 0.184632 , -1 , -1 , 1
Pat Summerall , 4 , None , 0.279266 , 0.14 , -1 , 0
P7DM967qiazfufp6CpHUSvSUsSCXskhT , 4 , None , 0.193021 , -1 , -1 , 1
ricin , 4 , 216.114.211.163 , 0.260721 , 0.11 , 32.6 , 0
2C6gk7wwVsthEHOVV9X4Z2yE825gLVhA , 4 , None , 0.190319 , -1 , -1 , 1
American Airlines , 4 , None , 0.241885 , 0.15 , -1 , 0
9HeDAiMmZL6uQwXD26jYPAgLatiwpNQh , 4 , None , 0.202947 , -1 , -1 , 1
Huffington Post , 4 , 200.69.193.232 , 0.37307 , 0.14 , -1 , 0
RTkPjSZaumSdutRtg2QnN0RQZERthSO5 , 4 , 192.41.5.130 , 0.206218 , -1 , 54.4 , 1
Krystle Campbell , 4 , None , 0.276588 , 0.13 , -1 , 0
Z53FFipjJgOqPsMyQG7ibgVu9DnyZAS3 , 4 , 128.2.211.114 , 2.047478 , -1 , 0.046 , 1
Girls Love Beyonce , 4 , 142.229.92.162 , 0.354277 , 0.22 , -1 , 0
XRSVuRrmNm4XSCRbadbOdOck6zIyxBa7 , 4 , None , 0.189399 , -1 , -1 , 1
Carlos Arredondo , 4 , None , 0.433072 , 0.3 , -1 , 0
AFeZcT16aHa7S7iH4bfI1UOS335B1YGo , 4 , 214.72.7.3 , 0.213526 , -1 , -1 , 1
Friends , 4 , None , 0.364274 , 0.24 , -1 , 0
wWZOaOmA4IPkudwDwEao203wXwjHarqE , 4 , None , 0.18706 , -1 , -1 , 1
Tracy McGrady , 4 , None , 0.2943 , 0.16 , -1 , 0
KCHRC33PbGZClveiO3Kg7LWhv37BKKwv , 4 , None , 0.197475 , -1 , -1 , 1
Washington Post , 4 , 128.2.211.114 , 0.246578 , 0.16 , 0.038 , 0
cUsZTy9pZZfMeHOCdSy9uXoowhTRKZ2N , 4 , None , 0.177532 , -1 , -1 , 1
Pat Summerall , 5 , 128.2.211.114 , 0.386372 , 0.16 , 0.038 , 0
P7DM967qiazfufp6CpHUSvSUsSCXskhT , 5 , None , 0.195162 , -1 , -1 , 1
ricin , 5 , 200.69.193.231 , 0.212705 , 0.12 , -1 , 0
2C6gk7wwVsthEHOVV9X4Z2yE825gLVhA , 5 , None , 0.206713 , -1 , -1 , 1
American Airlines , 5 , 8.0.28.250 , 0.271427 , 0.16 , -1 , 0
9HeDAiMmZL6uQwXD26jYPAgLatiwpNQh , 5 , 128.2.211.114 , 0.342806 , -1 , 0.042 , 1
Huffington Post , 5 , None , 0.291217 , 0.14 , -1 , 0
RTkPjSZaumSdutRtg2QnN0RQZERthSO5 , 5 , None , 0.212792 , -1 , -1 , 1
Krystle Campbell , 5 , None , 0.264753 , 0.13 , -1 , 0
Z53FFipjJgOqPsMyQG7ibgVu9DnyZAS3 , 5 , 143.107.253.5 , 0.208608 , -1 , -1 , 1
Girls Love Beyonce , 5 , None , 0.331936 , 0.2 , -1 , 0
XRSVuRrmNm4XSCRbadbOdOck6zIyxBa7 , 5 , 170.163.14.90 , 0.176408 , -1 , -1 , 1
Carlos Arredondo , 5 , 128.2.211.114 , 0.31578 , 0.18 , 0.037 , 0
AFeZcT16aHa7S7iH4bfI1UOS335B1YGo , 5 , 173.194.99.87 , 0.268147 , -1 , 42.1 , 1
Friends , 5 , None , 0.354072 , 0.23 , -1 , 0
wWZOaOmA4IPkudwDwEao203wXwjHarqE , 5 , 128.2.211.114 , 0.187229 , -1 , 0.037 , 1
Tracy McGrady , 5 , 137.99.203.25 , 0.321285 , 0.2 , 30.6 , 0
KCHRC33PbGZClveiO3Kg7LWhv37BKKwv , 5 , None , 0.221589 , -1 , -1 , 1
Washington Post , 5 , None , 0.243755 , 0.17 , -1 , 0
cUsZTy9pZZfMeHOCdSy9uXoowhTRKZ2N , 5 , None , 0.232105 , -1 , -1 , 1
Pat Summerall , 6 , None , 0.321577 , 0.19 , -1 , 0
P7DM967qiazfufp6CpHUSvSUsSCXskhT , 6 , None , 0.223768 , -1 , -1 , 1
ricin , 6 , 170.163.14.90 , 2.33111 , 0.12 , -1 , 0
2C6gk7wwVsthEHOVV9X4Z2yE825gLVhA , 6 , None , 0.225405 , -1 , -1 , 1
American Airlines , 6 , 67.218.95.47 , 0.215315 , 0.13 , 29.6 , 0
9HeDAiMmZL6uQwXD26jYPAgLatiwpNQh , 6 , None , 0.173902 , -1 , -1 , 1
Huffington Post , 6 , 35.8.98.11 , 0.318204 , 0.17 , 30.2 , 0
RTkPjSZaumSdutRtg2QnN0RQZERthSO5 , 6 , None , 0.206444 , -1 , -1 , 1
Krystle Campbell , 6 , None , 0.310201 , 0.17 , -1 , 0
Z53FFipjJgOqPsMyQG7ibgVu9DnyZAS3 , 6 , None , 0.174587 , -1 , -1 , 1
Girls Love Beyonce , 6 , None , 0.328497 , 0.2 , -1 , 0
XRSVuRrmNm4XSCRbadbOdOck6zIyxBa7 , 6 , 128.2.211.114 , 0.197941 , -1 , 0.035 , 1
Carlos Arredondo , 6 , None , 0.335035 , 0.2 , -1 , 0
AFeZcT16aHa7S7iH4bfI1UOS335B1YGo , 6 , None , 0.177414 , -1 , -1 , 1
Friends , 6 , 208.67.216.14 , 0.321349 , 0.2 , 70.0 , 0
wWZOaOmA4IPkudwDwEao203wXwjHarqE , 6 , None , 0.248702 , -1 , -1 , 1
Tracy McGrady , 6 , None , 0.331623 , 0.21 , -1 , 0
KCHRC33PbGZClveiO3Kg7LWhv37BKKwv , 6 , None , 0.204101 , -1 , -1 , 1
Washington Post , 6 , 208.69.36.13 , 0.233715 , 0.14 , 23.6 , 0
cUsZTy9pZZfMeHOCdSy9uXoowhTRKZ2N , 6 , None , 0.202023 , -1 , -1 , 1
Pat Summerall , 7 , 170.163.14.90 , 0.389905 , 0.17 , -1 , 0
P7DM967qiazfufp6CpHUSvSUsSCXskhT , 7 , None , 0.2285 , -1 , -1 , 1
ricin , 7 , None , 0.202873 , 0.12 , -1 , 0
2C6gk7wwVsthEHOVV9X4Z2yE825gLVhA , 7 , None , 0.302559 , -1 , -1 , 1
American Airlines , 7 , None , 0.336071 , 0.25 , -1 , 0
9HeDAiMmZL6uQwXD26jYPAgLatiwpNQh , 7 , 144.92.93.146 , 0.533156 , -1 , -1 , 1
Huffington Post , 7 , None , 0.442786 , 0.24 , -1 , 0
RTkPjSZaumSdutRtg2QnN0RQZERthSO5 , 7 , 128.2.211.114 , 0.199005 , -1 , 0.041 , 1
Krystle Campbell , 7 , None , 0.218922 , 0.13 , -1 , 0
Z53FFipjJgOqPsMyQG7ibgVu9DnyZAS3 , 7 , None , 0.216074 , -1 , -1 , 1
Girls Love Beyonce , 7 , 128.2.211.114 , 1.640826 , 0.18 , 0.044 , 0
XRSVuRrmNm4XSCRbadbOdOck6zIyxBa7 , 7 , None , 0.251822 , -1 , -1 , 1
Carlos Arredondo , 7 , None , 0.331525 , 0.24 , -1 , 0
AFeZcT16aHa7S7iH4bfI1UOS335B1YGo , 7 , None , 0.196909 , -1 , -1 , 1
Friends , 7 , 67.130.10.37 , 1.915144 , 0.21 , -1 , 0
wWZOaOmA4IPkudwDwEao203wXwjHarqE , 7 , None , 0.193481 , -1 , -1 , 1
Tracy McGrady , 7 , None , 0.291175 , 0.16 , -1 , 0
KCHRC33PbGZClveiO3Kg7LWhv37BKKwv , 7 , 216.106.88.3 , 1.519342 , -1 , 37.5 , 1
Washington Post , 7 , 200.43.69.2 , 0.235823 , 0.16 , -1 , 0
cUsZTy9pZZfMeHOCdSy9uXoowhTRKZ2N , 7 , None , 0.196105 , -1 , -1 , 1
Pat Summerall , 8 , None , 0.295113 , 0.16 , -1 , 0
P7DM967qiazfufp6CpHUSvSUsSCXskhT , 8 , None , 0.178602 , -1 , -1 , 1
ricin , 8 , 128.2.211.114 , 0.218758 , 0.11 , 0.039 , 0
2C6gk7wwVsthEHOVV9X4Z2yE825gLVhA , 8 , None , 0.186787 , -1 , -1 , 1
American Airlines , 8 , None , 0.231965 , 0.15 , -1 , 0
9HeDAiMmZL6uQwXD26jYPAgLatiwpNQh , 8 , None , 0.191172 , -1 , -1 , 1
Huffington Post , 8 , None , 0.251937 , 0.16 , -1 , 0
RTkPjSZaumSdutRtg2QnN0RQZERthSO5 , 8 , None , 0.1909 , -1 , -1 , 1
Krystle Campbell , 8 , None , 0.273469 , 0.18 , -1 , 0
Z53FFipjJgOqPsMyQG7ibgVu9DnyZAS3 , 8 , None , 0.259594 , -1 , -1 , 1
Girls Love Beyonce , 8 , 128.2.211.114 , 0.310585 , 0.21 , 0.035 , 0
XRSVuRrmNm4XSCRbadbOdOck6zIyxBa7 , 8 , 74.125.183.16 , 0.217849 , -1 , 34.2 , 1
Carlos Arredondo , 8 , None , 0.382246 , 0.25 , -1 , 0
AFeZcT16aHa7S7iH4bfI1UOS335B1YGo , 8 , None , 0.224203 , -1 , -1 , 1
Friends , 8 , None , 0.409237 , 0.28 , -1 , 0
wWZOaOmA4IPkudwDwEao203wXwjHarqE , 8 , None , 0.22009 , -1 , -1 , 1
Tracy McGrady , 8 , 170.163.14.90 , 0.280185 , 0.17 , -1 , 0
KCHRC33PbGZClveiO3Kg7LWhv37BKKwv , 8 , 204.194.239.13 , 0.295718 , -1 , 30.9 , 1
Washington Post , 8 , None , 0.248881 , 0.13 , -1 , 0
cUsZTy9pZZfMeHOCdSy9uXoowhTRKZ2N , 8 , None , 0.242831 , -1 , -1 , 1
Pat Summerall , 9 , 128.2.211.114 , 0.374899 , 0.15 , 0.046 , 0
P7DM967qiazfufp6CpHUSvSUsSCXskhT , 9 , 216.136.82.113 , 0.255405 , -1 , -1 , 1
ricin , 9 , 216.136.82.114 , 0.353946 , 0.12 , 37.2 , 0
2C6gk7wwVsthEHOVV9X4Z2yE825gLVhA , 9 , None , 0.195396 , -1 , -1 , 1
American Airlines , 9 , None , 0.242065 , 0.16 , -1 , 0
9HeDAiMmZL6uQwXD26jYPAgLatiwpNQh , 9 , None , 0.178614 , -1 , -1 , 1
Huffington Post , 9 , None , 0.277647 , 0.15 , -1 , 0
RTkPjSZaumSdutRtg2QnN0RQZERthSO5 , 9 , None , 0.202374 , -1 , -1 , 1
Krystle Campbell , 9 , 128.2.211.114 , 0.276902 , 0.13 , 0.035 , 0
Z53FFipjJgOqPsMyQG7ibgVu9DnyZAS3 , 9 , None , 0.211811 , -1 , -1 , 1
Girls Love Beyonce , 9 , None , 0.334273 , 0.18 , -1 , 0
XRSVuRrmNm4XSCRbadbOdOck6zIyxBa7 , 9 , 63.122.126.254 , 0.26637 , -1 , -1 , 1
Carlos Arredondo , 9 , 162.129.253.134 , 0.341752 , 0.2 , 10.4 , 0
AFeZcT16aHa7S7iH4bfI1UOS335B1YGo , 9 , 162.129.253.134 , 0.245126 , -1 , 10.4 , 1
Friends , 9 , None , 0.353496 , 0.21 , -1 , 0
wWZOaOmA4IPkudwDwEao203wXwjHarqE , 9 , None , 0.200146 , -1 , -1 , 1
Tracy McGrady , 9 , 200.62.2.187 , 0.271069 , 0.14 , 50.5 , 0
KCHRC33PbGZClveiO3Kg7LWhv37BKKwv , 9 , 204.185.63.100 , 0.221171 , -1 , 37.6 , 1
Washington Post , 9 , None , 0.253019 , 0.16 , -1 , 0
cUsZTy9pZZfMeHOCdSy9uXoowhTRKZ2N , 9 , 74.125.178.21 , 0.410782 , -1 , 22.4 , 1
Pat Summerall , 0 , 170.163.14.90 , 0.259879 , 0.14 , -1 , 0
CPX8wbtO10HpIUp6JDkbnJmBJMupzfiY , 0 , None , 0.243119 , -1 , -1 , 1
ricin , 0 , None , 0.245842 , 0.15 , -1 , 0
a3fKpAAzCuP5TOzjXIfgH5GZDeYfZITJ , 0 , 151.164.108.216 , 2.278634 , -1 , -1 , 1
American Airlines , 0 , 204.74.102.104 , 0.37435 , 0.25 , -1 , 0
UihzUhHl7UZXM08Mrybatm1XwrdCFbde , 0 , 128.2.211.114 , 0.238736 , -1 , 0.041 , 1
Krystle Campbell , 0 , 137.118.1.28 , 0.284758 , 0.14 , 26.5 , 0
PDRJBZ2JsloQcQA581jY2CZuwShIj3GE , 0 , None , 0.265932 , -1 , -1 , 1
Girls Love Beyonce , 0 , 128.2.211.114 , 0.486844 , 0.21 , 0.044 , 0
qbjFJ60nGt9HBAJAKq2zx4wpNj2Z6j13 , 0 , 128.2.211.114 , 0.236027 , -1 , 0.037 , 1
Carlos Arredondo , 0 , None , 0.363059 , 0.23 , -1 , 0
vuCdMcFc2Y8QLx0kGDIjjLz9sZcRxNQy , 0 , 204.194.239.13 , 0.223027 , -1 , 31.0 , 1
Tracy McGrady , 0 , None , 0.381129 , 0.16 , -1 , 0
N7NDglxU20DnMpRzPnAWaMmQtLGSgP49 , 0 , None , 0.209307 , -1 , -1 , 1
Washington Post , 0 , None , 0.280135 , 0.17 , -1 , 0
GlPqMP5VBBg8MnppB4Fxwg3rFZSpLrf0 , 0 , None , 0.233592 , -1 , -1 , 1
Outside Lands , 0 , None , 0.210568 , 0.14 , -1 , 0
SYYHMYLxBUfp133NQ0E55u7rJptTWHnI , 0 , 208.69.36.13 , 0.223695 , -1 , 23.7 , 1
Patton Oswalt , 0 , 128.2.211.114 , 0.40419 , 0.29 , 0.047 , 0
3bG4zMBgsPdwERDAQEDNVlH5gWNfpoDh , 0 , 128.2.211.114 , 0.299313 , -1 , 0.046 , 1
Pat Summerall , 1 , 68.1.208.28 , 1.343531 , 0.14 , 76.5 , 0
CPX8wbtO10HpIUp6JDkbnJmBJMupzfiY , 1 , 204.194.238.11 , 0.206649 , -1 , 32.1 , 1
ricin , 1 , 128.2.211.114 , 0.341479 , 0.14 , 0.04 , 0
a3fKpAAzCuP5TOzjXIfgH5GZDeYfZITJ , 1 , 134.29.1.1 , 0.291551 , -1 , 28.5 , 1
American Airlines , 1 , 200.221.137.43 , 0.311184 , 0.19 , -1 , 0
UihzUhHl7UZXM08Mrybatm1XwrdCFbde , 1 , 200.176.2.10 , 0.51539 , -1 , -1 , 1
Krystle Campbell , 1 , 63.232.89.89 , 0.691499 , 0.16 , 29.7 , 0
PDRJBZ2JsloQcQA581jY2CZuwShIj3GE , 1 , 128.2.211.114 , 0.248348 , -1 , 0.046 , 1
Girls Love Beyonce , 1 , None , 0.447488 , 0.19 , -1 , 0
qbjFJ60nGt9HBAJAKq2zx4wpNj2Z6j13 , 1 , None , 0.192099 , -1 , -1 , 1
Carlos Arredondo , 1 , None , 0.506896 , 0.27 , -1 , 0
vuCdMcFc2Y8QLx0kGDIjjLz9sZcRxNQy , 1 , 128.2.211.114 , 0.546381 , -1 , 0.044 , 1
Tracy McGrady , 1 , 136.204.34.149 , 0.456651 , 0.23 , -1 , 0
N7NDglxU20DnMpRzPnAWaMmQtLGSgP49 , 1 , 128.2.211.114 , 0.311106 , -1 , 0.034 , 1
Washington Post , 1 , None , 0.28483 , 0.18 , -1 , 0
GlPqMP5VBBg8MnppB4Fxwg3rFZSpLrf0 , 1 , None , 0.238616 , -1 , -1 , 1
Outside Lands , 1 , 137.39.110.235 , 0.272979 , 0.17 , 47.8 , 0
SYYHMYLxBUfp133NQ0E55u7rJptTWHnI , 1 , None , 0.194428 , -1 , -1 , 1
Patton Oswalt , 1 , 128.2.211.114 , 0.44039 , 0.28 , 0.037 , 0
3bG4zMBgsPdwERDAQEDNVlH5gWNfpoDh , 1 , 128.2.211.114 , 0.203726 , -1 , 0.035 , 1
Pat Summerall , 2 , None , 0.284042 , 0.17 , -1 , 0
CPX8wbtO10HpIUp6JDkbnJmBJMupzfiY , 2 , None , 0.196313 , -1 , -1 , 1
ricin , 2 , None , 0.258416 , 0.16 , -1 , 0
a3fKpAAzCuP5TOzjXIfgH5GZDeYfZITJ , 2 , 128.2.211.114 , 0.311565 , -1 , 0.037 , 1
American Airlines , 2 , 165.138.244.1 , 0.37356 , 0.2 , 32.2 , 0
UihzUhHl7UZXM08Mrybatm1XwrdCFbde , 2 , None , 0.208986 , -1 , -1 , 1
Krystle Campbell , 2 , 205.171.9.211 , 0.531186 , 0.14 , 7.27 , 0
PDRJBZ2JsloQcQA581jY2CZuwShIj3GE , 2 , 156.154.63.103 , 0.231996 , -1 , -1 , 1
Girls Love Beyonce , 2 , 128.2.211.114 , 0.695739 , 0.19 , 0.047 , 0
qbjFJ60nGt9HBAJAKq2zx4wpNj2Z6j13 , 2 , None , 0.220197 , -1 , -1 , 1
Carlos Arredondo , 2 , None , 0.31999 , 0.23 , -1 , 0
vuCdMcFc2Y8QLx0kGDIjjLz9sZcRxNQy , 2 , None , 0.246751 , -1 , -1 , 1
Tracy McGrady , 2 , None , 0.335102 , 0.22 , -1 , 0
N7NDglxU20DnMpRzPnAWaMmQtLGSgP49 , 2 , 65.39.188.254 , 0.203005 , -1 , -1 , 1
Washington Post , 2 , None , 0.277335 , 0.19 , -1 , 0
GlPqMP5VBBg8MnppB4Fxwg3rFZSpLrf0 , 2 , 128.2.211.114 , 0.276507 , -1 , 0.042 , 1
Outside Lands , 2 , 128.2.211.114 , 0.307136 , 0.15 , 0.036 , 0
SYYHMYLxBUfp133NQ0E55u7rJptTWHnI , 2 , None , 0.205704 , -1 , -1 , 1
Patton Oswalt , 2 , 128.227.219.127 , 0.420682 , 0.29 , -1 , 0
3bG4zMBgsPdwERDAQEDNVlH5gWNfpoDh , 2 , None , 0.238025 , -1 , -1 , 1
Pat Summerall , 3 , 170.163.14.90 , 2.456787 , 0.17 , -1 , 0
CPX8wbtO10HpIUp6JDkbnJmBJMupzfiY , 3 , None , 0.199544 , -1 , -1 , 1
ricin , 3 , None , 0.297031 , 0.2 , -1 , 0
a3fKpAAzCuP5TOzjXIfgH5GZDeYfZITJ , 3 , 128.2.211.114 , 0.214224 , -1 , 0.048 , 1
American Airlines , 3 , None , 0.300931 , 0.15 , -1 , 0
UihzUhHl7UZXM08Mrybatm1XwrdCFbde , 3 , 170.163.14.90 , 0.17406 , -1 , -1 , 1
Krystle Campbell , 3 , 68.105.28.141 , 0.596547 , 0.17 , 44.6 , 0
PDRJBZ2JsloQcQA581jY2CZuwShIj3GE , 3 , None , 0.242949 , -1 , -1 , 1
Girls Love Beyonce , 3 , None , 0.483942 , 0.26 , -1 , 0
qbjFJ60nGt9HBAJAKq2zx4wpNj2Z6j13 , 3 , None , 0.207603 , -1 , -1 , 1
Carlos Arredondo , 3 , None , 0.415176 , 0.18 , -1 , 0
vuCdMcFc2Y8QLx0kGDIjjLz9sZcRxNQy , 3 , 128.2.211.114 , 0.221069 , -1 , 0.045 , 1
Tracy McGrady , 3 , 204.128.70.69 , 0.941393 , 0.16 , -1 , 0
N7NDglxU20DnMpRzPnAWaMmQtLGSgP49 , 3 , 173.194.99.85 , 0.195489 , -1 , 42.2 , 1
Washington Post , 3 , None , 0.296443 , 0.21 , -1 , 0
GlPqMP5VBBg8MnppB4Fxwg3rFZSpLrf0 , 3 , None , 0.197135 , -1 , -1 , 1
Outside Lands , 3 , 128.2.211.114 , 0.22872 , 0.13 , 0.042 , 0
SYYHMYLxBUfp133NQ0E55u7rJptTWHnI , 3 , None , 0.229801 , -1 , -1 , 1
Patton Oswalt , 3 , 128.2.211.114 , 0.316309 , 0.19 , 0.044 , 0
3bG4zMBgsPdwERDAQEDNVlH5gWNfpoDh , 3 , None , 0.208812 , -1 , -1 , 1
Pat Summerall , 4 , None , 0.430979 , 0.22 , -1 , 0
CPX8wbtO10HpIUp6JDkbnJmBJMupzfiY , 4 , 128.2.211.114 , 0.849916 , -1 , 0.044 , 1
ricin , 4 , 128.2.211.114 , 0.263327 , 0.17 , 0.038 , 0
a3fKpAAzCuP5TOzjXIfgH5GZDeYfZITJ , 4 , 214.72.9.3 , 0.1978 , -1 , -1 , 1
American Airlines , 4 , None , 0.802759 , 0.71 , -1 , 0
UihzUhHl7UZXM08Mrybatm1XwrdCFbde , 4 , None , 0.193132 , -1 , -1 , 1
Krystle Campbell , 4 , None , 0.406903 , 0.17 , -1 , 0
PDRJBZ2JsloQcQA581jY2CZuwShIj3GE , 4 , 65.171.232.2 , 0.214248 , -1 , 31.1 , 1
Girls Love Beyonce , 4 , None , 0.321773 , 0.17 , -1 , 0
qbjFJ60nGt9HBAJAKq2zx4wpNj2Z6j13 , 4 , None , 0.223263 , -1 , -1 , 1
Carlos Arredondo , 4 , None , 0.506526 , 0.28 , -1 , 0
vuCdMcFc2Y8QLx0kGDIjjLz9sZcRxNQy , 4 , 128.2.211.114 , 1.412026 , -1 , 0.037 , 1
Tracy McGrady , 4 , 74.125.183.18 , 0.364314 , 0.23 , 45.6 , 0
N7NDglxU20DnMpRzPnAWaMmQtLGSgP49 , 4 , None , 0.211688 , -1 , -1 , 1
Washington Post , 4 , 216.161.32.2 , 0.564504 , 0.14 , -1 , 0
GlPqMP5VBBg8MnppB4Fxwg3rFZSpLrf0 , 4 , 216.136.82.114 , 0.210099 , -1 , -1 , 1
Outside Lands , 4 , None , 0.329501 , 0.24 , -1 , 0
SYYHMYLxBUfp133NQ0E55u7rJptTWHnI , 4 , None , 0.215623 , -1 , -1 , 1
Patton Oswalt , 4 , 128.2.211.114 , 0.409043 , 0.28 , 0.044 , 0
3bG4zMBgsPdwERDAQEDNVlH5gWNfpoDh , 4 , None , 0.212885 , -1 , -1 , 1
Pat Summerall , 5 , 128.2.211.114 , 0.37858 , 0.16 , 0.036 , 0
CPX8wbtO10HpIUp6JDkbnJmBJMupzfiY , 5 , None , 0.213477 , -1 , -1 , 1
ricin , 5 , None , 0.22783 , 0.13 , -1 , 0
a3fKpAAzCuP5TOzjXIfgH5GZDeYfZITJ , 5 , None , 0.205341 , -1 , -1 , 1
American Airlines , 5 , 200.0.243.11 , 0.263438 , 0.16 , -1 , 0
UihzUhHl7UZXM08Mrybatm1XwrdCFbde , 5 , None , 0.229007 , -1 , -1 , 1
Krystle Campbell , 5 , None , 0.396172 , 0.16 , -1 , 0
PDRJBZ2JsloQcQA581jY2CZuwShIj3GE , 5 , 200.43.56.2 , 2.333815 , -1 , -1 , 1
Girls Love Beyonce , 5 , 128.2.211.114 , 0.440422 , 0.18 , 0.048 , 0
qbjFJ60nGt9HBAJAKq2zx4wpNj2Z6j13 , 5 , 64.136.164.47 , 0.201537 , -1 , 21.3 , 1
Carlos Arredondo , 5 , None , 0.511317 , 0.26 , -1 , 0
vuCdMcFc2Y8QLx0kGDIjjLz9sZcRxNQy , 5 , 130.179.16.67 , 0.256761 , -1 , 32.7 , 1
Tracy McGrady , 5 , 98.100.29.12 , 0.528178 , 0.2 , -1 , 0
N7NDglxU20DnMpRzPnAWaMmQtLGSgP49 , 5 , None , 0.208264 , -1 , -1 , 1
Washington Post , 5 , None , 0.291787 , 0.16 , -1 , 0
GlPqMP5VBBg8MnppB4Fxwg3rFZSpLrf0 , 5 , None , 0.193784 , -1 , -1 , 1
Outside Lands , 5 , None , 0.219494 , 0.14 , -1 , 0
SYYHMYLxBUfp133NQ0E55u7rJptTWHnI , 5 , None , 0.178413 , -1 , -1 , 1
Patton Oswalt , 5 , 128.2.211.114 , 0.440362 , 0.27 , 0.037 , 0
3bG4zMBgsPdwERDAQEDNVlH5gWNfpoDh , 5 , None , 0.350035 , -1 , -1 , 1
Pat Summerall , 6 , 128.2.211.114 , 0.430788 , 0.15 , 0.036 , 0
CPX8wbtO10HpIUp6JDkbnJmBJMupzfiY , 6 , None , 0.203301 , -1 , -1 , 1
ricin , 6 , 128.2.211.114 , 1.359268 , 0.09 , 0.046 , 0
a3fKpAAzCuP5TOzjXIfgH5GZDeYfZITJ , 6 , 67.135.176.6 , 0.191707 , -1 , 56.7 , 1
American Airlines , 6 , 143.81.50.2 , 0.27264 , 0.16 , -1 , 0
UihzUhHl7UZXM08Mrybatm1XwrdCFbde , 6 , None , 0.203426 , -1 , -1 , 1
Krystle Campbell , 6 , 128.2.211.114 , 0.423236 , 0.14 , 0.037 , 0
PDRJBZ2JsloQcQA581jY2CZuwShIj3GE , 6 , 170.163.14.90 , 0.280231 , -1 , -1 , 1
Girls Love Beyonce , 6 , 214.72.8.3 , 0.461844 , 0.23 , -1 , 0
qbjFJ60nGt9HBAJAKq2zx4wpNj2Z6j13 , 6 , 144.232.70.62 , 0.185313 , -1 , 17.3 , 1
Carlos Arredondo , 6 , None , 0.428275 , 0.19 , -1 , 0
vuCdMcFc2Y8QLx0kGDIjjLz9sZcRxNQy , 6 , 208.82.183.159 , 0.236808 , -1 , 43.4 , 1
Tracy McGrady , 6 , 69.172.226.83 , 0.446322 , 0.23 , 35.0 , 0
N7NDglxU20DnMpRzPnAWaMmQtLGSgP49 , 6 , 128.2.211.114 , 0.210612 , -1 , 0.048 , 1
Washington Post , 6 , 128.2.211.114 , 0.359078 , 0.16 , 0.04 , 0
GlPqMP5VBBg8MnppB4Fxwg3rFZSpLrf0 , 6 , 128.2.211.114 , 0.187594 , -1 , 0.046 , 1
Outside Lands , 6 , None , 0.224672 , 0.15 , -1 , 0
SYYHMYLxBUfp133NQ0E55u7rJptTWHnI , 6 , 128.2.211.114 , 1.983176 , -1 , 0.047 , 1
Patton Oswalt , 6 , 130.15.126.52 , 0.544237 , 0.35 , 31.0 , 0
3bG4zMBgsPdwERDAQEDNVlH5gWNfpoDh , 6 , 170.163.14.90 , 0.209331 , -1 , -1 , 1
Pat Summerall , 7 , None , 0.391116 , 0.16 , -1 , 0
CPX8wbtO10HpIUp6JDkbnJmBJMupzfiY , 7 , None , 0.182072 , -1 , -1 , 1
ricin , 7 , 128.2.211.114 , 0.207273 , 0.11 , 0.035 , 0
a3fKpAAzCuP5TOzjXIfgH5GZDeYfZITJ , 7 , 128.2.211.114 , 0.399669 , -1 , 0.038 , 1
American Airlines , 7 , 204.194.239.15 , 0.313681 , 0.15 , 31.6 , 0
UihzUhHl7UZXM08Mrybatm1XwrdCFbde , 7 , 128.2.211.114 , 0.213546 , -1 , 0.036 , 1
Krystle Campbell , 7 , None , 0.469505 , 0.23 , -1 , 0
PDRJBZ2JsloQcQA581jY2CZuwShIj3GE , 7 , None , 0.237331 , -1 , -1 , 1
Girls Love Beyonce , 7 , None , 0.445946 , 0.21 , -1 , 0
qbjFJ60nGt9HBAJAKq2zx4wpNj2Z6j13 , 7 , None , 0.27662 , -1 , -1 , 1
Carlos Arredondo , 7 , None , 0.578132 , 0.34 , -1 , 0
vuCdMcFc2Y8QLx0kGDIjjLz9sZcRxNQy , 7 , 200.222.113.34 , 0.235794 , -1 , -1 , 1
Tracy McGrady , 7 , None , 0.480244 , 0.29 , -1 , 0
N7NDglxU20DnMpRzPnAWaMmQtLGSgP49 , 7 , 204.194.239.24 , 0.251543 , -1 , 40.4 , 1
Washington Post , 7 , 209.147.28.1 , 0.334288 , 0.24 , -1 , 0
GlPqMP5VBBg8MnppB4Fxwg3rFZSpLrf0 , 7 , None , 0.311819 , -1 , -1 , 1
Outside Lands , 7 , 128.2.211.114 , 0.843163 , 0.12 , 0.039 , 0
SYYHMYLxBUfp133NQ0E55u7rJptTWHnI , 7 , None , 0.193572 , -1 , -1 , 1
Patton Oswalt , 7 , 209.117.23.211 , 0.416304 , 0.29 , 71.4 , 0
3bG4zMBgsPdwERDAQEDNVlH5gWNfpoDh , 7 , 128.2.211.114 , 0.17916 , -1 , 0.035 , 1
Pat Summerall , 8 , 64.187.29.134 , 0.370364 , 0.15 , 22.7 , 0
CPX8wbtO10HpIUp6JDkbnJmBJMupzfiY , 8 , 128.2.211.114 , 0.37773 , -1 , 0.037 , 1
ricin , 8 , 128.2.211.114 , 0.700495 , 0.12 , 0.04 , 0
a3fKpAAzCuP5TOzjXIfgH5GZDeYfZITJ , 8 , 128.2.211.114 , 0.258321 , -1 , 0.048 , 1
American Airlines , 8 , 128.2.211.114 , 0.257634 , 0.17 , 0.048 , 0
UihzUhHl7UZXM08Mrybatm1XwrdCFbde , 8 , None , 0.180054 , -1 , -1 , 1
Krystle Campbell , 8 , None , 0.24041 , 0.14 , -1 , 0
PDRJBZ2JsloQcQA581jY2CZuwShIj3GE , 8 , None , 0.220205 , -1 , -1 , 1
Girls Love Beyonce , 8 , None , 0.401837 , 0.18 , -1 , 0
qbjFJ60nGt9HBAJAKq2zx4wpNj2Z6j13 , 8 , 128.2.211.114 , 0.57646 , -1 , 0.04 , 1
Carlos Arredondo , 8 , 202.3.48.2 , 0.674635 , 0.43 , -1 , 0
vuCdMcFc2Y8QLx0kGDIjjLz9sZcRxNQy , 8 , 184.71.251.34 , 0.217543 , -1 , 71.5 , 1
Tracy McGrady , 8 , 128.2.211.114 , 0.630773 , 0.3 , 0.045 , 0
N7NDglxU20DnMpRzPnAWaMmQtLGSgP49 , 8 , None , 0.213521 , -1 , -1 , 1
Washington Post , 8 , None , 0.352879 , 0.24 , -1 , 0
GlPqMP5VBBg8MnppB4Fxwg3rFZSpLrf0 , 8 , 204.15.49.63 , 1.237041 , -1 , 22.0 , 1
Outside Lands , 8 , None , 0.227484 , 0.15 , -1 , 0
SYYHMYLxBUfp133NQ0E55u7rJptTWHnI , 8 , None , 0.199482 , -1 , -1 , 1
Patton Oswalt , 8 , None , 0.36345 , 0.23 , -1 , 0
3bG4zMBgsPdwERDAQEDNVlH5gWNfpoDh , 8 , 128.2.211.114 , 1.723587 , -1 , 0.041 , 1
Pat Summerall , 9 , 66.189.0.106 , 0.358226 , 0.14 , 17.4 , 0
CPX8wbtO10HpIUp6JDkbnJmBJMupzfiY , 9 , 194.116.252.2 , 0.21832 , -1 , -1 , 1
ricin , 9 , 128.2.211.114 , 0.337878 , 0.14 , 0.046 , 0
a3fKpAAzCuP5TOzjXIfgH5GZDeYfZITJ , 9 , 128.2.211.114 , 0.20352 , -1 , 0.045 , 1
American Airlines , 9 , None , 0.297777 , 0.18 , -1 , 0
UihzUhHl7UZXM08Mrybatm1XwrdCFbde , 9 , None , 0.239271 , -1 , -1 , 1
Krystle Campbell , 9 , 8.0.15.203 , 0.275411 , 0.12 , -1 , 0
PDRJBZ2JsloQcQA581jY2CZuwShIj3GE , 9 , 187.86.128.99 , 1.133164 , -1 , -1 , 1
Girls Love Beyonce , 9 , None , 0.487824 , 0.32 , -1 , 0
qbjFJ60nGt9HBAJAKq2zx4wpNj2Z6j13 , 9 , None , 0.211436 , -1 , -1 , 1
Carlos Arredondo , 9 , None , 0.566161 , 0.34 , -1 , 0
vuCdMcFc2Y8QLx0kGDIjjLz9sZcRxNQy , 9 , 128.2.211.114 , 1.016327 , -1 , 0.038 , 1
Tracy McGrady , 9 , 63.147.62.254 , 0.424281 , 0.21 , -1 , 0
N7NDglxU20DnMpRzPnAWaMmQtLGSgP49 , 9 , None , 0.224641 , -1 , -1 , 1
Washington Post , 9 , None , 0.274625 , 0.19 , -1 , 0
GlPqMP5VBBg8MnppB4Fxwg3rFZSpLrf0 , 9 , None , 0.236456 , -1 , -1 , 1
Outside Lands , 9 , None , 0.264072 , 0.17 , -1 , 0
SYYHMYLxBUfp133NQ0E55u7rJptTWHnI , 9 , None , 0.214784 , -1 , -1 , 1
Patton Oswalt , 9 , 128.2.211.114 , 1.383073 , 0.26 , 0.037 , 0
3bG4zMBgsPdwERDAQEDNVlH5gWNfpoDh , 9 , 170.163.14.90 , 0.208377 , -1 , -1 , 1
Amanda Bynes , 0 , 64.129.67.111 , 0.405237 , 0.18 , 49.0 , 0
tzzMIlrtyam69VLdJlZpPG2PQLmhTjAw , 0 , None , 0.200913 , -1 , -1 , 1
Pat Summerall , 0 , None , 0.374145 , 0.17 , -1 , 0
FhXqOLtxmFQSScgy54gzfbcX8KxungDr , 0 , None , 0.270054 , -1 , -1 , 1
ricin , 0 , 192.75.26.15 , 0.208424 , 0.12 , -1 , 0
nTvApXdbIleWQmmkQ60mujV0UHxqr8am , 0 , None , 0.176064 , -1 , -1 , 1
American Airlines , 0 , 128.2.211.114 , 0.595479 , 0.16 , 0.042 , 0
SMQWrJkAhPYgUtu1iIf8NZyfrwt1P4iZ , 0 , None , 0.198447 , -1 , -1 , 1
Huffington Post , 0 , None , 0.272129 , 0.18 , -1 , 0
Amanda Bynes , 0 , 170.163.14.90 , 0.441207 , 0.22 , -1 , 0
69tXN6i4BT6iRaV2dmi3Zu25pLw9UcYW , 0 , 128.2.211.114 , 0.298397 , -1 , 0.047 , 1
Man of Steel , 0 , 128.2.211.114 , 0.499397 , 0.24 , 0.046 , 0
5xe0X7YUt1iVgDYAjjSMTA73OHznbJ0T , 0 , 128.2.211.114 , 0.198237 , -1 , 0.033 , 1
Ricin , 0 , None , 0.223504 , 0.1 , -1 , 0
GKkB7pPpk8LaqGYigxIizA7nutv0Yc3r , 0 , 208.187.240.3 , 0.998314 , -1 , -1 , 1
Pat Summerall , 0 , None , 0.463586 , 0.23 , -1 , 0
TeRpLUIJFG62AblaXc9DUxGuxu4cmbBA , 0 , None , 0.21955 , -1 , -1 , 1
American Airlines , 0 , 128.2.211.114 , 0.637457 , 0.22 , 0.039 , 0
iNj9PkVCpNM2lp5q3bbUJ1JdN2OzFaQ6 , 0 , 128.2.211.114 , 0.188333 , -1 , 0.039 , 1
Huffington Post , 0 , None , 0.265223 , 0.18 , -1 , 0
7WEOsZkR0Nc7M4HReeGZhbnYvcSJqfRq , 0 , None , 0.212682 , -1 , -1 , 1
Krystle Campbell , 0 , None , 0.375738 , 0.14 , -1 , 0
aOS0DRZYm8vPr6hgkeK1QKZ7HQfV8ch1 , 0 , 67.207.48.128 , 0.2373 , -1 , 27.3 , 1
Girls Love Beyonce , 0 , None , 0.493018 , 0.26 , -1 , 0
ogGJZzKhzfbAvX1jZXoszrp5KbM8gTW5 , 0 , None , 0.22321 , -1 , -1 , 1
Carlos Arredondo , 0 , None , 0.442372 , 0.23 , -1 , 0
UtXXjVtGUXFKHc5Anf89qWZhuluyBq6z , 0 , 128.2.211.114 , 0.207983 , -1 , 0.037 , 1
Friends , 0 , None , 1.19398 , 0.3 , -1 , 0
TaP1Eyzm6V9VQS416w9v3OWP4i8FlzYn , 0 , 128.2.211.114 , 0.277976 , -1 , 0.047 , 1
Amanda Bynes , 1 , 128.2.211.114 , 0.526678 , 0.3 , 0.04 , 0
69tXN6i4BT6iRaV2dmi3Zu25pLw9UcYW , 1 , None , 0.194066 , -1 , -1 , 1
Man of Steel , 1 , 128.2.211.114 , 0.478497 , 0.28 , 0.05 , 0
5xe0X7YUt1iVgDYAjjSMTA73OHznbJ0T , 1 , 8.0.28.104 , 0.305381 , -1 , -1 , 1
Ricin , 1 , 192.221.158.102 , 0.207388 , 0.12 , -1 , 0
GKkB7pPpk8LaqGYigxIizA7nutv0Yc3r , 1 , None , 0.240142 , -1 , -1 , 1
Pat Summerall , 1 , None , 0.371044 , 0.15 , -1 , 0
TeRpLUIJFG62AblaXc9DUxGuxu4cmbBA , 1 , None , 0.208066 , -1 , -1 , 1
American Airlines , 1 , None , 0.313176 , 0.23 , -1 , 0
iNj9PkVCpNM2lp5q3bbUJ1JdN2OzFaQ6 , 1 , 209.133.21.10 , 0.180203 , -1 , 74.5 , 1
Huffington Post , 1 , 170.163.14.90 , 0.266677 , 0.16 , -1 , 0
7WEOsZkR0Nc7M4HReeGZhbnYvcSJqfRq , 1 , 128.2.211.114 , 0.274291 , -1 , 0.034 , 1
Krystle Campbell , 1 , 204.194.239.23 , 0.388385 , 0.15 , 31.3 , 0
aOS0DRZYm8vPr6hgkeK1QKZ7HQfV8ch1 , 1 , 128.2.211.114 , 0.259897 , -1 , 0.045 , 1
Girls Love Beyonce , 1 , None , 0.491886 , 0.27 , -1 , 0
ogGJZzKhzfbAvX1jZXoszrp5KbM8gTW5 , 1 , 128.2.211.114 , 0.477266 , -1 , 0.04 , 1
Carlos Arredondo , 1 , 198.110.130.7 , 0.451084 , 0.24 , 31.4 , 0
UtXXjVtGUXFKHc5Anf89qWZhuluyBq6z , 1 , 198.109.36.3 , 0.223631 , -1 , 28.1 , 1
Friends , 1 , None , 0.685725 , 0.5 , -1 , 0
TaP1Eyzm6V9VQS416w9v3OWP4i8FlzYn , 1 , 204.194.238.13 , 0.216555 , -1 , 32.3 , 1
Amanda Bynes , 2 , None , 0.385244 , 0.16 , -1 , 0
69tXN6i4BT6iRaV2dmi3Zu25pLw9UcYW , 2 , 128.2.211.114 , 0.659156 , -1 , 0.039 , 1
Man of Steel , 2 , 128.2.211.114 , 0.436497 , 0.22 , 0.044 , 0
5xe0X7YUt1iVgDYAjjSMTA73OHznbJ0T , 2 , 98.172.114.140 , 1.731002 , -1 , -1 , 1
Ricin , 2 , None , 0.243337 , 0.15 , -1 , 0
GKkB7pPpk8LaqGYigxIizA7nutv0Yc3r , 2 , None , 0.270414 , -1 , -1 , 1
Pat Summerall , 2 , 128.2.211.114 , 0.714853 , 0.2 , 0.05 , 0
TeRpLUIJFG62AblaXc9DUxGuxu4cmbBA , 2 , 128.2.211.114 , 0.188465 , -1 , 0.055 , 1
American Airlines , 2 , 170.163.14.90 , 0.337511 , 0.19 , -1 , 0
iNj9PkVCpNM2lp5q3bbUJ1JdN2OzFaQ6 , 2 , None , 0.213596 , -1 , -1 , 1
Huffington Post , 2 , None , 0.508497 , 0.27 , -1 , 0
7WEOsZkR0Nc7M4HReeGZhbnYvcSJqfRq , 2 , 128.2.211.114 , 0.637632 , -1 , 0.038 , 1
Krystle Campbell , 2 , None , 0.376373 , 0.14 , -1 , 0
aOS0DRZYm8vPr6hgkeK1QKZ7HQfV8ch1 , 2 , 128.2.211.114 , 0.214268 , -1 , 0.036 , 1
Girls Love Beyonce , 2 , None , 0.437467 , 0.21 , -1 , 0
ogGJZzKhzfbAvX1jZXoszrp5KbM8gTW5 , 2 , None , 0.208681 , -1 , -1 , 1
Carlos Arredondo , 2 , None , 0.478482 , 0.27 , -1 , 0
UtXXjVtGUXFKHc5Anf89qWZhuluyBq6z , 2 , 128.2.211.114 , 0.198342 , -1 , 0.036 , 1
Friends , 2 , 173.190.229.5 , 0.495074 , 0.31 , 57.7 , 0
TaP1Eyzm6V9VQS416w9v3OWP4i8FlzYn , 2 , None , 0.255899 , -1 , -1 , 1
Amanda Bynes , 3 , None , 0.411136 , 0.19 , -1 , 0
69tXN6i4BT6iRaV2dmi3Zu25pLw9UcYW , 3 , None , 0.277616 , -1 , -1 , 1
Man of Steel , 3 , 128.2.211.114 , 0.78981 , 0.42 , 0.036 , 0
5xe0X7YUt1iVgDYAjjSMTA73OHznbJ0T , 3 , 200.35.191.195 , 0.213437 , -1 , 77.8 , 1
Ricin , 3 , None , 0.21373 , 0.11 , -1 , 0
GKkB7pPpk8LaqGYigxIizA7nutv0Yc3r , 3 , 69.57.184.35 , 0.566913 , -1 , 14.6 , 1
Pat Summerall , 3 , 199.85.204.67 , 0.426469 , 0.2 , 60.8 , 0
TeRpLUIJFG62AblaXc9DUxGuxu4cmbBA , 3 , None , 0.195676 , -1 , -1 , 1
American Airlines , 3 , None , 0.363667 , 0.23 , -1 , 0
iNj9PkVCpNM2lp5q3bbUJ1JdN2OzFaQ6 , 3 , None , 0.213499 , -1 , -1 , 1
Huffington Post , 3 , None , 0.365753 , 0.14 , -1 , 0
7WEOsZkR0Nc7M4HReeGZhbnYvcSJqfRq , 3 , 128.2.211.114 , 0.199652 , -1 , 0.033 , 1
Krystle Campbell , 3 , None , 0.368051 , 0.14 , -1 , 0
aOS0DRZYm8vPr6hgkeK1QKZ7HQfV8ch1 , 3 , None , 0.234729 , -1 , -1 , 1
Girls Love Beyonce , 3 , None , 0.445517 , 0.21 , -1 , 0
ogGJZzKhzfbAvX1jZXoszrp5KbM8gTW5 , 3 , None , 0.174441 , -1 , -1 , 1
Carlos Arredondo , 3 , None , 0.459661 , 0.24 , -1 , 0
UtXXjVtGUXFKHc5Anf89qWZhuluyBq6z , 3 , 130.179.16.25 , 0.699009 , -1 , 32.9 , 1
Friends , 3 , 209.99.51.10 , 0.51955 , 0.36 , -1 , 0
TaP1Eyzm6V9VQS416w9v3OWP4i8FlzYn , 3 , None , 0.193619 , -1 , -1 , 1
Amanda Bynes , 4 , 149.169.194.25 , 0.408704 , 0.2 , 78.6 , 0
69tXN6i4BT6iRaV2dmi3Zu25pLw9UcYW , 4 , 170.163.14.90 , 0.234776 , -1 , -1 , 1
Man of Steel , 4 , None , 0.577575 , 0.38 , -1 , 0
5xe0X7YUt1iVgDYAjjSMTA73OHznbJ0T , 4 , 128.2.211.114 , 0.277406 , -1 , 0.047 , 1
Ricin , 4 , 204.60.203.164 , 0.25258 , 0.16 , 28.0 , 0
GKkB7pPpk8LaqGYigxIizA7nutv0Yc3r , 4 , None , 0.248492 , -1 , -1 , 1
Pat Summerall , 4 , None , 0.472878 , 0.2 , -1 , 0
TeRpLUIJFG62AblaXc9DUxGuxu4cmbBA , 4 , 205.171.25.236 , 0.215414 , -1 , 47.1 , 1
American Airlines , 4 , 128.2.211.114 , 0.43639 , 0.21 , 0.038 , 0
iNj9PkVCpNM2lp5q3bbUJ1JdN2OzFaQ6 , 4 , 216.145.243.22 , 0.2379 , -1 , 19.0 , 1
Huffington Post , 4 , 198.5.254.16 , 0.459794 , 0.21 , 77.5 , 0
7WEOsZkR0Nc7M4HReeGZhbnYvcSJqfRq , 4 , None , 0.207217 , -1 , -1 , 1
Krystle Campbell , 4 , 186.251.227.226 , 0.905238 , 0.16 , -1 , 0
aOS0DRZYm8vPr6hgkeK1QKZ7HQfV8ch1 , 4 , 200.43.56.2 , 0.358377 , -1 , -1 , 1
Girls Love Beyonce , 4 , 204.9.233.13 , 0.36568 , 0.14 , 32.5 , 0
ogGJZzKhzfbAvX1jZXoszrp5KbM8gTW5 , 4 , 209.44.59.4 , 0.924862 , -1 , -1 , 1
Carlos Arredondo , 4 , 128.2.211.114 , 0.495883 , 0.28 , 0.037 , 0
UtXXjVtGUXFKHc5Anf89qWZhuluyBq6z , 4 , None , 0.187573 , -1 , -1 , 1
Friends , 4 , 128.2.211.114 , 0.475886 , 0.27 , 0.035 , 0
TaP1Eyzm6V9VQS416w9v3OWP4i8FlzYn , 4 , None , 0.312736 , -1 , -1 , 1
Amanda Bynes , 5 , None , 0.441372 , 0.23 , -1 , 0
69tXN6i4BT6iRaV2dmi3Zu25pLw9UcYW , 5 , None , 0.203519 , -1 , -1 , 1
Man of Steel , 5 , None , 0.561492 , 0.37 , -1 , 0
5xe0X7YUt1iVgDYAjjSMTA73OHznbJ0T , 5 , 205.171.29.214 , 0.185245 , -1 , 42.7 , 1
Ricin , 5 , None , 0.230356 , 0.15 , -1 , 0
GKkB7pPpk8LaqGYigxIizA7nutv0Yc3r , 5 , 173.219.140.194 , 0.186833 , -1 , 49.2 , 1
Pat Summerall , 5 , None , 0.372381 , 0.17 , -1 , 0
TeRpLUIJFG62AblaXc9DUxGuxu4cmbBA , 5 , 209.5.21.78 , 0.215772 , -1 , -1 , 1
American Airlines , 5 , 192.221.163.255 , 0.481141 , 0.21 , -1 , 0
iNj9PkVCpNM2lp5q3bbUJ1JdN2OzFaQ6 , 5 , 63.100.100.153 , 0.221433 , -1 , 81.3 , 1
Huffington Post , 5 , 74.125.178.21 , 0.558439 , 0.17 , 22.3 , 0
7WEOsZkR0Nc7M4HReeGZhbnYvcSJqfRq , 5 , None , 0.279029 , -1 , -1 , 1
Krystle Campbell , 5 , 204.194.238.13 , 0.372034 , 0.15 , 32.3 , 0
aOS0DRZYm8vPr6hgkeK1QKZ7HQfV8ch1 , 5 , 192.221.138.109 , 0.352681 , -1 , -1 , 1
Girls Love Beyonce , 5 , 128.2.211.114 , 0.463725 , 0.22 , 0.035 , 0
ogGJZzKhzfbAvX1jZXoszrp5KbM8gTW5 , 5 , None , 0.181579 , -1 , -1 , 1
Carlos Arredondo , 5 , 204.194.238.21 , 0.512597 , 0.28 , 43.2 , 0
UtXXjVtGUXFKHc5Anf89qWZhuluyBq6z , 5 , None , 0.232909 , -1 , -1 , 1
Friends , 5 , None , 0.492982 , 0.35 , -1 , 0
TaP1Eyzm6V9VQS416w9v3OWP4i8FlzYn , 5 , 128.2.211.114 , 0.187415 , -1 , 0.038 , 1
Amanda Bynes , 6 , 205.171.16.248 , 0.432651 , 0.18 , 45.5 , 0
69tXN6i4BT6iRaV2dmi3Zu25pLw9UcYW , 6 , 128.2.211.114 , 0.216857 , -1 , 0.045 , 1
Man of Steel , 6 , 128.2.211.114 , 0.421789 , 0.23 , 0.036 , 0
5xe0X7YUt1iVgDYAjjSMTA73OHznbJ0T , 6 , 71.252.0.39 , 0.215879 , -1 , -1 , 1
Ricin , 6 , 200.6.96.5 , 0.604576 , 0.11 , -1 , 0
GKkB7pPpk8LaqGYigxIizA7nutv0Yc3r , 6 , None , 0.205198 , -1 , -1 , 1
Pat Summerall , 6 , None , 0.435527 , 0.23 , -1 , 0
TeRpLUIJFG62AblaXc9DUxGuxu4cmbBA , 6 , 60.234.2.2 , 0.227027 , -1 , -1 , 1
American Airlines , 6 , None , 0.230239 , 0.14 , -1 , 0
iNj9PkVCpNM2lp5q3bbUJ1JdN2OzFaQ6 , 6 , None , 0.198835 , -1 , -1 , 1
Huffington Post , 6 , None , 0.435412 , 0.19 , -1 , 0
7WEOsZkR0Nc7M4HReeGZhbnYvcSJqfRq , 6 , 128.109.131.6 , 0.741882 , -1 , -1 , 1
Krystle Campbell , 6 , None , 0.387582 , 0.15 , -1 , 0
aOS0DRZYm8vPr6hgkeK1QKZ7HQfV8ch1 , 6 , None , 0.216271 , -1 , -1 , 1
Girls Love Beyonce , 6 , 128.2.211.114 , 0.505942 , 0.31 , 0.041 , 0
ogGJZzKhzfbAvX1jZXoszrp5KbM8gTW5 , 6 , 67.204.190.110 , 0.326524 , -1 , 86.8 , 1
Carlos Arredondo , 6 , None , 0.570276 , 0.33 , -1 , 0
UtXXjVtGUXFKHc5Anf89qWZhuluyBq6z , 6 , 69.198.238.220 , 0.73213 , -1 , -1 , 1
Friends , 6 , 208.67.216.14 , 0.447989 , 0.19 , 70.0 , 0
TaP1Eyzm6V9VQS416w9v3OWP4i8FlzYn , 6 , 128.2.211.114 , 0.207246 , -1 , 0.041 , 1
Amanda Bynes , 7 , 160.109.104.44 , 0.512294 , 0.29 , -1 , 0
69tXN6i4BT6iRaV2dmi3Zu25pLw9UcYW , 7 , None , 0.212216 , -1 , -1 , 1
Man of Steel , 7 , None , 0.405007 , 0.21 , -1 , 0
5xe0X7YUt1iVgDYAjjSMTA73OHznbJ0T , 7 , None , 0.228075 , -1 , -1 , 1
Ricin , 7 , 144.230.63.57 , 0.251119 , 0.15 , -1 , 0
GKkB7pPpk8LaqGYigxIizA7nutv0Yc3r , 7 , 144.230.191.56 , 0.183285 , -1 , -1 , 1
Pat Summerall , 7 , None , 0.360807 , 0.15 , -1 , 0
TeRpLUIJFG62AblaXc9DUxGuxu4cmbBA , 7 , None , 0.223747 , -1 , -1 , 1
American Airlines , 7 , 128.2.211.114 , 0.273735 , 0.17 , 0.05 , 0
iNj9PkVCpNM2lp5q3bbUJ1JdN2OzFaQ6 , 7 , 128.2.211.114 , 0.199964 , -1 , 0.048 , 1
Huffington Post , 7 , None , 0.436805 , 0.2 , -1 , 0
7WEOsZkR0Nc7M4HReeGZhbnYvcSJqfRq , 7 , None , 0.215302 , -1 , -1 , 1
Krystle Campbell , 7 , None , 0.414343 , 0.16 , -1 , 0
aOS0DRZYm8vPr6hgkeK1QKZ7HQfV8ch1 , 7 , 192.221.133.113 , 0.227716 , -1 , -1 , 1
Girls Love Beyonce , 7 , None , 0.437536 , 0.18 , -1 , 0
ogGJZzKhzfbAvX1jZXoszrp5KbM8gTW5 , 7 , None , 0.234202 , -1 , -1 , 1
Carlos Arredondo , 7 , None , 0.5063 , 0.27 , -1 , 0
UtXXjVtGUXFKHc5Anf89qWZhuluyBq6z , 7 , 200.0.243.10 , 0.182556 , -1 , -1 , 1
Friends , 7 , 128.2.211.114 , 0.554871 , 0.3 , 0.04 , 0
TaP1Eyzm6V9VQS416w9v3OWP4i8FlzYn , 7 , None , 0.197315 , -1 , -1 , 1
Amanda Bynes , 8 , None , 0.402458 , 0.18 , -1 , 0
69tXN6i4BT6iRaV2dmi3Zu25pLw9UcYW , 8 , None , 0.247288 , -1 , -1 , 1
Man of Steel , 8 , None , 0.500995 , 0.31 , -1 , 0
5xe0X7YUt1iVgDYAjjSMTA73OHznbJ0T , 8 , None , 0.191575 , -1 , -1 , 1
Ricin , 8 , None , 3.293857 , 0.12 , -1 , 0
GKkB7pPpk8LaqGYigxIizA7nutv0Yc3r , 8 , None , 0.209473 , -1 , -1 , 1
Pat Summerall , 8 , None , 0.40509 , 0.18 , -1 , 0
TeRpLUIJFG62AblaXc9DUxGuxu4cmbBA , 8 , 192.221.143.201 , 0.251781 , -1 , -1 , 1
American Airlines , 8 , 128.2.211.114 , 0.283871 , 0.17 , 0.036 , 0
iNj9PkVCpNM2lp5q3bbUJ1JdN2OzFaQ6 , 8 , 128.2.211.114 , 0.292259 , -1 , 0.039 , 1
Huffington Post , 8 , 128.2.211.114 , 0.440868 , 0.2 , 0.041 , 0
7WEOsZkR0Nc7M4HReeGZhbnYvcSJqfRq , 8 , None , 0.287525 , -1 , -1 , 1
Krystle Campbell , 8 , 128.2.211.114 , 0.378134 , 0.15 , 0.042 , 0
aOS0DRZYm8vPr6hgkeK1QKZ7HQfV8ch1 , 8 , 128.2.211.114 , 1.493535 , -1 , 0.038 , 1
Girls Love Beyonce , 8 , 200.69.193.232 , 0.487282 , 0.23 , -1 , 0
ogGJZzKhzfbAvX1jZXoszrp5KbM8gTW5 , 8 , None , 0.203526 , -1 , -1 , 1
Carlos Arredondo , 8 , None , 0.458299 , 0.22 , -1 , 0
UtXXjVtGUXFKHc5Anf89qWZhuluyBq6z , 8 , None , 0.194999 , -1 , -1 , 1
Friends , 8 , None , 0.409562 , 0.23 , -1 , 0
TaP1Eyzm6V9VQS416w9v3OWP4i8FlzYn , 8 , None , 0.214725 , -1 , -1 , 1
Amanda Bynes , 9 , 167.199.229.49 , 0.461072 , 0.19 , -1 , 0
69tXN6i4BT6iRaV2dmi3Zu25pLw9UcYW , 9 , 128.2.211.114 , 0.255446 , -1 , 0.038 , 1
Man of Steel , 9 , 128.2.211.114 , 0.510351 , 0.23 , 0.048 , 0
5xe0X7YUt1iVgDYAjjSMTA73OHznbJ0T , 9 , None , 0.195011 , -1 , -1 , 1
Ricin , 9 , None , 0.276741 , 0.18 , -1 , 0
GKkB7pPpk8LaqGYigxIizA7nutv0Yc3r , 9 , 200.0.243.11 , 0.240144 , -1 , -1 , 1
Pat Summerall , 9 , 142.161.130.152 , 0.492922 , 0.27 , 45.6 , 0
TeRpLUIJFG62AblaXc9DUxGuxu4cmbBA , 9 , None , 0.214805 , -1 , -1 , 1
American Airlines , 9 , None , 0.347672 , 0.17 , -1 , 0
iNj9PkVCpNM2lp5q3bbUJ1JdN2OzFaQ6 , 9 , 148.206.100.9 , 0.205103 , -1 , -1 , 1
Huffington Post , 9 , None , 0.411528 , 0.16 , -1 , 0
7WEOsZkR0Nc7M4HReeGZhbnYvcSJqfRq , 9 , 128.2.211.114 , 0.207847 , -1 , 0.037 , 1
Krystle Campbell , 9 , None , 0.366077 , 0.14 , -1 , 0
aOS0DRZYm8vPr6hgkeK1QKZ7HQfV8ch1 , 9 , None , 0.213735 , -1 , -1 , 1
Girls Love Beyonce , 9 , None , 0.404007 , 0.15 , -1 , 0
ogGJZzKhzfbAvX1jZXoszrp5KbM8gTW5 , 9 , 128.2.211.114 , 0.507387 , -1 , 0.04 , 1
Carlos Arredondo , 9 , None , 0.445826 , 0.21 , -1 , 0
UtXXjVtGUXFKHc5Anf89qWZhuluyBq6z , 9 , 200.69.193.232 , 0.199881 , -1 , -1 , 1
Friends , 9 , 128.2.211.114 , 0.823579 , 0.35 , 0.042 , 0
TaP1Eyzm6V9VQS416w9v3OWP4i8FlzYn , 9 , None , 0.220737 , -1 , -1 , 1
Amanda Bynes , 0 , 200.0.243.10 , 0.408851 , 0.16 , -1 , 0
RJqF73y6V0plnhGsYQQj65E4Ly5n1pkz , 0 , 128.2.211.114 , 0.202252 , -1 , 0.039 , 1
Gucci Mane , 0 , None , 2.464612 , 2.29 , -1 , 0
SXrhdtgDYVG9NCMvhRccJoadYnQopip1 , 0 , None , 0.189239 , -1 , -1 , 1
Man of Steel , 0 , 64.25.126.2 , 0.52272 , 0.33 , 42.9 , 0
MQ61lJylvdkUO5GHUY1a6fqnHCD8v81I , 0 , 200.69.193.229 , 0.275143 , -1 , -1 , 1
Ricin , 0 , None , 0.20489 , 0.1 , -1 , 0
zCitf2tF0KH2ZCsYe3MQ0DQTPsTxGdTS , 0 , None , 0.292193 , -1 , -1 , 1
Pat Summerall , 0 , None , 1.026486 , 0.83 , -1 , 0
mHMBJmJA6i3D8zCgCC9InndlHId7eGnn , 0 , None , 0.222419 , -1 , -1 , 1
American Airlines , 0 , 204.94.175.5 , 0.260242 , 0.18 , 56.3 , 0
OJ8VYMgzkO4luVHBxr1clHmm3plwKv5p , 0 , None , 0.196784 , -1 , -1 , 1
Huffington Post , 0 , 216.223.90.2 , 0.439178 , 0.22 , -1 , 0
MMlKXqzDCXrhc6IHt1CLcX38hqVItBo5 , 0 , None , 0.213627 , -1 , -1 , 1
Krystle Campbell , 0 , None , 0.379893 , 0.12 , -1 , 0
0VbojT5vonj3uhXLpjA4QbL7zRPLQGFR , 0 , None , 0.22493 , -1 , -1 , 1
Girls Love Beyonce , 0 , None , 0.375742 , 0.28 , -1 , 0
DYJDLUf8LHVCs2WTyB0cI535iBSFzwrg , 0 , 128.2.211.114 , 0.420672 , -1 , 0.041 , 1
Carlos Arredondo , 0 , None , 0.436619 , 0.23 , -1 , 0
xTXJlCbT0eoyHO4Lp6rgNXwHtO8iZreE , 0 , None , 0.204153 , -1 , -1 , 1
Amanda Bynes , 1 , 216.126.13.204 , 0.487341 , 0.27 , 47.2 , 0
RJqF73y6V0plnhGsYQQj65E4Ly5n1pkz , 1 , 128.2.211.114 , 0.274266 , -1 , 0.045 , 1
Gucci Mane , 1 , None , 0.426794 , 0.23 , -1 , 0
SXrhdtgDYVG9NCMvhRccJoadYnQopip1 , 1 , None , 0.203357 , -1 , -1 , 1
Man of Steel , 1 , 128.2.211.114 , 0.579338 , 0.38 , 0.041 , 0
MQ61lJylvdkUO5GHUY1a6fqnHCD8v81I , 1 , None , 0.329224 , -1 , -1 , 1
Ricin , 1 , None , 0.29624 , 0.1 , -1 , 0
zCitf2tF0KH2ZCsYe3MQ0DQTPsTxGdTS , 1 , None , 0.270885 , -1 , -1 , 1
Pat Summerall , 1 , 198.188.255.195 , 0.399449 , 0.15 , 76.4 , 0
mHMBJmJA6i3D8zCgCC9InndlHId7eGnn , 1 , 128.2.211.114 , 0.210323 , -1 , 0.035 , 1
American Airlines , 1 , None , 0.270885 , 0.17 , -1 , 0
OJ8VYMgzkO4luVHBxr1clHmm3plwKv5p , 1 , 151.164.108.215 , 0.214638 , -1 , -1 , 1
Huffington Post , 1 , 128.2.211.114 , 0.403049 , 0.27 , 0.048 , 0
MMlKXqzDCXrhc6IHt1CLcX38hqVItBo5 , 1 , 128.2.211.114 , 0.196916 , -1 , 0.04 , 1
Krystle Campbell , 1 , None , 0.380325 , 0.14 , -1 , 0
0VbojT5vonj3uhXLpjA4QbL7zRPLQGFR , 1 , 204.194.239.13 , 1.064092 , -1 , 31.1 , 1
Girls Love Beyonce , 1 , 128.2.211.114 , 0.379105 , 0.29 , 0.05 , 0
DYJDLUf8LHVCs2WTyB0cI535iBSFzwrg , 1 , None , 0.204422 , -1 , -1 , 1
Carlos Arredondo , 1 , 68.105.28.142 , 1.318468 , 0.34 , 45.3 , 0
xTXJlCbT0eoyHO4Lp6rgNXwHtO8iZreE , 1 , 200.69.193.232 , 0.190271 , -1 , -1 , 1
Amanda Bynes , 2 , None , 0.610436 , 0.47 , -1 , 0
RJqF73y6V0plnhGsYQQj65E4Ly5n1pkz , 2 , 128.2.211.114 , 0.218306 , -1 , 0.039 , 1
Gucci Mane , 2 , 208.69.32.17 , 0.539354 , 0.36 , 6.75 , 0
SXrhdtgDYVG9NCMvhRccJoadYnQopip1 , 2 , 128.2.211.114 , 0.415137 , -1 , 0.037 , 1
Man of Steel , 2 , 128.227.30.220 , 0.603651 , 0.28 , 59.7 , 0
MQ61lJylvdkUO5GHUY1a6fqnHCD8v81I , 2 , 200.0.243.10 , 0.26147 , -1 , -1 , 1
Ricin , 2 , None , 0.240697 , 0.1 , -1 , 0
zCitf2tF0KH2ZCsYe3MQ0DQTPsTxGdTS , 2 , 64.187.29.134 , 0.212658 , -1 , 22.6 , 1
Pat Summerall , 2 , 200.69.193.232 , 0.395889 , 0.15 , -1 , 0
mHMBJmJA6i3D8zCgCC9InndlHId7eGnn , 2 , 64.129.67.112 , 0.263468 , -1 , -1 , 1
American Airlines , 2 , 207.140.236.2 , 0.274866 , 0.15 , -1 , 0
OJ8VYMgzkO4luVHBxr1clHmm3plwKv5p , 2 , None , 0.278933 , -1 , -1 , 1
Huffington Post , 2 , None , 0.592525 , 0.5 , -1 , 0
MMlKXqzDCXrhc6IHt1CLcX38hqVItBo5 , 2 , 200.0.243.11 , 0.220511 , -1 , -1 , 1
Krystle Campbell , 2 , 128.2.211.114 , 0.463561 , 0.38 , 0.035 , 0
0VbojT5vonj3uhXLpjA4QbL7zRPLQGFR , 2 , 64.233.168.84 , 0.248306 , -1 , 8.12 , 1
Girls Love Beyonce , 2 , None , 0.452438 , 0.22 , -1 , 0
DYJDLUf8LHVCs2WTyB0cI535iBSFzwrg , 2 , None , 0.186519 , -1 , -1 , 1
Carlos Arredondo , 2 , 128.2.211.114 , 0.697861 , 0.23 , 0.037 , 0
xTXJlCbT0eoyHO4Lp6rgNXwHtO8iZreE , 2 , None , 0.233675 , -1 , -1 , 1
Amanda Bynes , 3 , None , 0.402277 , 0.18 , -1 , 0
RJqF73y6V0plnhGsYQQj65E4Ly5n1pkz , 3 , None , 0.221409 , -1 , -1 , 1
Gucci Mane , 3 , 66.189.0.109 , 1.431567 , 0.2 , 17.9 , 0
SXrhdtgDYVG9NCMvhRccJoadYnQopip1 , 3 , 204.194.239.24 , 0.19797 , -1 , 40.4 , 1
Man of Steel , 3 , None , 0.436414 , 0.25 , -1 , 0
MQ61lJylvdkUO5GHUY1a6fqnHCD8v81I , 3 , 142.165.200.231 , 0.228767 , -1 , -1 , 1
Ricin , 3 , 129.237.14.1 , 0.211837 , 0.13 , -1 , 0
zCitf2tF0KH2ZCsYe3MQ0DQTPsTxGdTS , 3 , None , 0.194795 , -1 , -1 , 1
Pat Summerall , 3 , None , 0.445133 , 0.34 , -1 , 0
mHMBJmJA6i3D8zCgCC9InndlHId7eGnn , 3 , None , 0.19356 , -1 , -1 , 1
American Airlines , 3 , None , 0.254381 , 0.17 , -1 , 0
OJ8VYMgzkO4luVHBxr1clHmm3plwKv5p , 3 , None , 0.220168 , -1 , -1 , 1
Huffington Post , 3 , None , 0.301276 , 0.2 , -1 , 0
MMlKXqzDCXrhc6IHt1CLcX38hqVItBo5 , 3 , None , 0.174394 , -1 , -1 , 1
Krystle Campbell , 3 , None , 0.4675 , 0.23 , -1 , 0
0VbojT5vonj3uhXLpjA4QbL7zRPLQGFR , 3 , None , 0.198571 , -1 , -1 , 1
Girls Love Beyonce , 3 , 128.2.211.114 , 0.494968 , 0.22 , 0.045 , 0
DYJDLUf8LHVCs2WTyB0cI535iBSFzwrg , 3 , None , 0.196401 , -1 , -1 , 1
Carlos Arredondo , 3 , 128.2.211.114 , 1.318288 , 0.23 , 0.04 , 0
xTXJlCbT0eoyHO4Lp6rgNXwHtO8iZreE , 3 , 64.19.124.250 , 0.216501 , -1 , -1 , 1
Amanda Bynes , 4 , None , 0.504027 , 0.28 , -1 , 0
RJqF73y6V0plnhGsYQQj65E4Ly5n1pkz , 4 , None , 0.229384 , -1 , -1 , 1
Gucci Mane , 4 , 207.94.31.252 , 0.498908 , 0.28 , -1 , 0
SXrhdtgDYVG9NCMvhRccJoadYnQopip1 , 4 , 128.2.211.114 , 0.559143 , -1 , 0.039 , 1
Man of Steel , 4 , None , 0.558148 , 0.45 , -1 , 0
MQ61lJylvdkUO5GHUY1a6fqnHCD8v81I , 4 , None , 0.25413 , -1 , -1 , 1
Ricin , 4 , None , 0.201271 , 0.1 , -1 , 0
zCitf2tF0KH2ZCsYe3MQ0DQTPsTxGdTS , 4 , 205.171.9.211 , 1.108425 , -1 , 7.25 , 1
Pat Summerall , 4 , None , 0.472243 , 0.25 , -1 , 0
mHMBJmJA6i3D8zCgCC9InndlHId7eGnn , 4 , 214.72.9.2 , 0.496989 , -1 , -1 , 1
American Airlines , 4 , None , 0.294531 , 0.16 , -1 , 0
OJ8VYMgzkO4luVHBxr1clHmm3plwKv5p , 4 , 205.152.144.48 , 0.273525 , -1 , 50.1 , 1
Huffington Post , 4 , 137.164.29.73 , 0.301792 , 0.19 , 79.5 , 0
MMlKXqzDCXrhc6IHt1CLcX38hqVItBo5 , 4 , None , 0.205735 , -1 , -1 , 1
Krystle Campbell , 4 , None , 0.383808 , 0.14 , -1 , 0
0VbojT5vonj3uhXLpjA4QbL7zRPLQGFR , 4 , 128.2.211.114 , 2.308955 , -1 , 0.04 , 1
Girls Love Beyonce , 4 , 128.2.211.114 , 0.461405 , 0.2 , 0.045 , 0
DYJDLUf8LHVCs2WTyB0cI535iBSFzwrg , 4 , 128.2.211.114 , 0.210458 , -1 , 0.037 , 1
Carlos Arredondo , 4 , None , 0.510554 , 0.28 , -1 , 0
xTXJlCbT0eoyHO4Lp6rgNXwHtO8iZreE , 4 , None , 0.197031 , -1 , -1 , 1
Amanda Bynes , 5 , None , 0.422732 , 0.18 , -1 , 0
RJqF73y6V0plnhGsYQQj65E4Ly5n1pkz , 5 , 128.2.211.114 , 0.255553 , -1 , 0.039 , 1
Gucci Mane , 5 , None , 0.558617 , 0.31 , -1 , 0
SXrhdtgDYVG9NCMvhRccJoadYnQopip1 , 5 , 128.2.211.114 , 0.407427 , -1 , 0.045 , 1
Man of Steel , 5 , None , 0.51368 , 0.33 , -1 , 0
MQ61lJylvdkUO5GHUY1a6fqnHCD8v81I , 5 , None , 0.226171 , -1 , -1 , 1
Ricin , 5 , 192.221.151.211 , 0.486469 , 0.09 , -1 , 0
zCitf2tF0KH2ZCsYe3MQ0DQTPsTxGdTS , 5 , None , 0.222935 , -1 , -1 , 1
Pat Summerall , 5 , 128.2.211.114 , 0.404375 , 0.18 , 0.038 , 0
mHMBJmJA6i3D8zCgCC9InndlHId7eGnn , 5 , 199.116.216.140 , 0.226256 , -1 , 11.5 , 1
American Airlines , 5 , 128.2.211.114 , 2.089708 , 0.32 , 0.039 , 0
OJ8VYMgzkO4luVHBxr1clHmm3plwKv5p , 5 , None , 0.20194 , -1 , -1 , 1
Huffington Post , 5 , None , 0.247765 , 0.15 , -1 , 0
MMlKXqzDCXrhc6IHt1CLcX38hqVItBo5 , 5 , None , 0.20077 , -1 , -1 , 1
Krystle Campbell , 5 , 207.42.83.210 , 0.461876 , 0.22 , 25.1 , 0
0VbojT5vonj3uhXLpjA4QbL7zRPLQGFR , 5 , None , 0.413332 , -1 , -1 , 1
Girls Love Beyonce , 5 , 128.2.211.114 , 0.39527 , 0.32 , 0.037 , 0
DYJDLUf8LHVCs2WTyB0cI535iBSFzwrg , 5 , None , 0.193774 , -1 , -1 , 1
Carlos Arredondo , 5 , None , 0.483719 , 0.25 , -1 , 0
xTXJlCbT0eoyHO4Lp6rgNXwHtO8iZreE , 5 , None , 0.17972 , -1 , -1 , 1
Amanda Bynes , 6 , 128.2.211.114 , 0.379546 , 0.18 , 0.035 , 0
RJqF73y6V0plnhGsYQQj65E4Ly5n1pkz , 6 , None , 0.189454 , -1 , -1 , 1
Gucci Mane , 6 , 208.4.0.158 , 0.471151 , 0.28 , 18.8 , 0
SXrhdtgDYVG9NCMvhRccJoadYnQopip1 , 6 , None , 0.209517 , -1 , -1 , 1
Man of Steel , 6 , None , 0.443935 , 0.22 , -1 , 0
MQ61lJylvdkUO5GHUY1a6fqnHCD8v81I , 6 , 216.234.70.220 , 0.772397 , -1 , 74.4 , 1
Ricin , 6 , 214.13.16.140 , 0.249659 , 0.12 , -1 , 0
zCitf2tF0KH2ZCsYe3MQ0DQTPsTxGdTS , 6 , 208.69.32.21 , 0.572703 , -1 , 6.62 , 1
Pat Summerall , 6 , 204.194.237.21 , 0.505713 , 0.26 , 63.5 , 0
mHMBJmJA6i3D8zCgCC9InndlHId7eGnn , 6 , 200.69.193.231 , 0.189189 , -1 , -1 , 1
American Airlines , 6 , 128.2.211.114 , 0.261211 , 0.15 , 0.034 , 0
OJ8VYMgzkO4luVHBxr1clHmm3plwKv5p , 6 , None , 0.185762 , -1 , -1 , 1
Huffington Post , 6 , None , 0.270037 , 0.19 , -1 , 0
MMlKXqzDCXrhc6IHt1CLcX38hqVItBo5 , 6 , 128.2.211.114 , 0.252047 , -1 , 0.035 , 1
Krystle Campbell , 6 , None , 0.371926 , 0.15 , -1 , 0
0VbojT5vonj3uhXLpjA4QbL7zRPLQGFR , 6 , 200.0.243.11 , 0.198108 , -1 , -1 , 1
Girls Love Beyonce , 6 , 12.159.76.40 , 0.961328 , 0.16 , 56.4 , 0
DYJDLUf8LHVCs2WTyB0cI535iBSFzwrg , 6 , None , 0.285867 , -1 , -1 , 1
Carlos Arredondo , 6 , 137.164.29.73 , 0.41944 , 0.28 , 79.6 , 0
xTXJlCbT0eoyHO4Lp6rgNXwHtO8iZreE , 6 , 128.2.211.114 , 0.28479 , -1 , 0.044 , 1
Amanda Bynes , 7 , None , 0.505221 , 0.19 , -1 , 0
RJqF73y6V0plnhGsYQQj65E4Ly5n1pkz , 7 , None , 0.268354 , -1 , -1 , 1
Gucci Mane , 7 , None , 0.465821 , 0.27 , -1 , 0
SXrhdtgDYVG9NCMvhRccJoadYnQopip1 , 7 , 129.108.202.20 , 0.225785 , -1 , 60.2 , 1
Man of Steel , 7 , 129.108.202.20 , 0.437349 , 0.22 , 60.3 , 0
MQ61lJylvdkUO5GHUY1a6fqnHCD8v81I , 7 , 128.2.211.114 , 0.329369 , -1 , 0.04 , 1
Ricin , 7 , 128.2.211.114 , 0.382045 , 0.26 , 0.037 , 0
zCitf2tF0KH2ZCsYe3MQ0DQTPsTxGdTS , 7 , 128.2.211.114 , 1.015718 , -1 , 0.046 , 1
Pat Summerall , 7 , None , 0.382336 , 0.16 , -1 , 0
mHMBJmJA6i3D8zCgCC9InndlHId7eGnn , 7 , 128.2.211.114 , 0.268345 , -1 , 0.038 , 1
American Airlines , 7 , None , 0.240843 , 0.15 , -1 , 0
OJ8VYMgzkO4luVHBxr1clHmm3plwKv5p , 7 , None , 0.243158 , -1 , -1 , 1
Huffington Post , 7 , 128.2.211.114 , 0.279102 , 0.16 , 0.044 , 0
MMlKXqzDCXrhc6IHt1CLcX38hqVItBo5 , 7 , None , 0.195512 , -1 , -1 , 1
Krystle Campbell , 7 , None , 0.41214 , 0.17 , -1 , 0
0VbojT5vonj3uhXLpjA4QbL7zRPLQGFR , 7 , 128.2.211.114 , 0.246808 , -1 , 0.045 , 1
Girls Love Beyonce , 7 , None , 0.450435 , 0.21 , -1 , 0
DYJDLUf8LHVCs2WTyB0cI535iBSFzwrg , 7 , 128.2.211.114 , 0.241295 , -1 , 0.041 , 1
Carlos Arredondo , 7 , 8.0.6.36 , 0.418105 , 0.2 , -1 , 0
xTXJlCbT0eoyHO4Lp6rgNXwHtO8iZreE , 7 , None , 0.177793 , -1 , -1 , 1
Amanda Bynes , 8 , None , 0.42837 , 0.21 , -1 , 0
RJqF73y6V0plnhGsYQQj65E4Ly5n1pkz , 8 , None , 0.177132 , -1 , -1 , 1
Gucci Mane , 8 , None , 0.470067 , 0.28 , -1 , 0
SXrhdtgDYVG9NCMvhRccJoadYnQopip1 , 8 , None , 0.208975 , -1 , -1 , 1
Man of Steel , 8 , None , 0.416341 , 0.22 , -1 , 0
MQ61lJylvdkUO5GHUY1a6fqnHCD8v81I , 8 , 192.170.86.122 , 1.201856 , -1 , -1 , 1
Ricin , 8 , None , 0.201891 , 0.11 , -1 , 0
zCitf2tF0KH2ZCsYe3MQ0DQTPsTxGdTS , 8 , None , 0.217738 , -1 , -1 , 1
Pat Summerall , 8 , None , 0.402244 , 0.19 , -1 , 0
mHMBJmJA6i3D8zCgCC9InndlHId7eGnn , 8 , None , 0.219044 , -1 , -1 , 1
American Airlines , 8 , 128.2.211.114 , 0.275817 , 0.19 , 0.045 , 0
OJ8VYMgzkO4luVHBxr1clHmm3plwKv5p , 8 , None , 0.252137 , -1 , -1 , 1
Huffington Post , 8 , 128.2.211.114 , 0.34801 , 0.15 , 0.035 , 0
MMlKXqzDCXrhc6IHt1CLcX38hqVItBo5 , 8 , 64.233.168.81 , 0.217868 , -1 , 9.5 , 1
Krystle Campbell , 8 , 214.72.7.3 , 0.362429 , 0.12 , -1 , 0
0VbojT5vonj3uhXLpjA4QbL7zRPLQGFR , 8 , None , 0.267097 , -1 , -1 , 1
Girls Love Beyonce , 8 , None , 0.496712 , 0.26 , -1 , 0
DYJDLUf8LHVCs2WTyB0cI535iBSFzwrg , 8 , None , 0.205187 , -1 , -1 , 1
Carlos Arredondo , 8 , 209.17.152.134 , 0.492396 , 0.25 , -1 , 0
xTXJlCbT0eoyHO4Lp6rgNXwHtO8iZreE , 8 , None , 0.176993 , -1 , -1 , 1
Amanda Bynes , 9 , None , 0.692013 , 0.47 , -1 , 0
RJqF73y6V0plnhGsYQQj65E4Ly5n1pkz , 9 , None , 0.189991 , -1 , -1 , 1
Gucci Mane , 9 , None , 0.504045 , 0.31 , -1 , 0
SXrhdtgDYVG9NCMvhRccJoadYnQopip1 , 9 , None , 0.201073 , -1 , -1 , 1
Man of Steel , 9 , 192.221.134.95 , 0.445543 , 0.24 , -1 , 0
MQ61lJylvdkUO5GHUY1a6fqnHCD8v81I , 9 , 128.2.211.114 , 0.243888 , -1 , 0.04 , 1
Ricin , 9 , 128.2.211.114 , 0.237361 , 0.12 , 0.043 , 0
zCitf2tF0KH2ZCsYe3MQ0DQTPsTxGdTS , 9 , 207.107.254.120 , 0.199704 , -1 , -1 , 1
Pat Summerall , 9 , 128.2.211.114 , 0.38084 , 0.17 , 0.043 , 0
mHMBJmJA6i3D8zCgCC9InndlHId7eGnn , 9 , 216.116.96.3 , 0.330259 , -1 , 65.0 , 1
American Airlines , 9 , None , 0.350028 , 0.25 , -1 , 0
OJ8VYMgzkO4luVHBxr1clHmm3plwKv5p , 9 , 128.2.211.114 , 0.18464 , -1 , 0.043 , 1
Huffington Post , 9 , None , 1.905784 , 0.22 , -1 , 0
MMlKXqzDCXrhc6IHt1CLcX38hqVItBo5 , 9 , 128.2.211.114 , 0.629074 , -1 , 0.043 , 1
Krystle Campbell , 9 , 204.194.239.17 , 0.443147 , 0.15 , 30.9 , 0
0VbojT5vonj3uhXLpjA4QbL7zRPLQGFR , 9 , 192.221.165.127 , 0.210007 , -1 , -1 , 1
Girls Love Beyonce , 9 , 128.2.211.114 , 0.422801 , 0.19 , 0.042 , 0
DYJDLUf8LHVCs2WTyB0cI535iBSFzwrg , 9 , None , 0.214179 , -1 , -1 , 1
Carlos Arredondo , 9 , None , 0.450393 , 0.21 , -1 , 0
xTXJlCbT0eoyHO4Lp6rgNXwHtO8iZreE , 9 , 8.6.245.30 , 0.269692 , -1 , 50.1 , 1
