ricin , 0 , 193.125.98.3 , 0.95162 , 0.1 , 89.1
zzBiUW0sOLHdHOBbuED7LTP3Rl3KVPht , 0 , 195.130.124.2 , 0.640048 , -1 , 0.076
American Airlines , 0 , 89.187.1.254 , 0.653798 , 0.11 , 71.6
GVZWL87EFlqUIqj2N18oip2OjTNp2Coq , 0 , 195.130.124.2 , 0.557493 , -1 , 0.064
Huffington Post , 0 , 195.130.124.2 , 0.667248 , 0.19 , 0.091
otiMeZzgStFox9L33h3vM7la6gMofCqa , 0 , 74.125.189.17 , 0.625106 , -1 , 55.4
Krystle Campbell , 0 , 195.130.124.2 , 0.704407 , 0.14 , 0.066
o4EV7777UjSPUZT4n1a8bOP9dwJY4OiG , 0 , 195.130.124.2 , 0.647143 , -1 , 0.078
Girls Love Beyonce , 0 , 195.130.124.2 , 0.603182 , 0.2 , 0.086
llYvKYSRhPr3H4O8aBU61jblNGyRYdnn , 0 , 195.130.124.2 , 0.626559 , -1 , 0.078
Tracy McGrady , 0 , 195.130.124.2 , 0.712884 , 0.12 , 0.084
4OUqmVyQbeCTbc132JI5DQh7Zz9ZD8YX , 0 , 195.130.124.2 , 0.639715 , -1 , 0.073
USA TODAY , 0 , 195.130.124.2 , 0.716544 , 0.13 , 0.077
kIAuqADqjJTkhys3J6GRXRNpwAlDdMH9 , 0 , 195.130.124.2 , 0.639236 , -1 , 0.069
Washington Post , 0 , 195.130.124.2 , 0.626179 , 0.12 , 0.081
TkG67gx5Y1nG93bR15VpTwMA8qODBKFX , 0 , 195.130.124.2 , 0.674341 , -1 , 0.094
Carlos Arredondo , 0 , 195.130.124.2 , 0.673289 , 0.12 , 0.078
FKVcjXWLq4aPOTV9BalV5PY2utxs7PZu , 0 , 195.130.124.2 , 0.626551 , -1 , 0.085
Outside Lands , 0 , 195.130.124.2 , 0.619687 , 0.09 , 0.067
hCrEPdQmbfrxHrJ3nArQ5vvng6YItbGp , 0 , 82.76.253.218 , 0.592272 , -1 , -1 ,
ricin , 1 , 195.130.124.2 , 0.636738 , 0.09 , 0.063
zzBiUW0sOLHdHOBbuED7LTP3Rl3KVPht , 1 , 195.130.124.2 , 0.641384 , -1 , 0.077
American Airlines , 1 , 202.46.113.21 , 0.66991 , 0.12 , -1 ,
GVZWL87EFlqUIqj2N18oip2OjTNp2Coq , 1 , 208.69.34.17 , 0.722807 , -1 , 57.7
Huffington Post , 1 , 195.130.124.2 , 0.636718 , 0.12 , 0.063
otiMeZzgStFox9L33h3vM7la6gMofCqa , 1 , 195.130.124.2 , 0.5509 , -1 , 0.085
Krystle Campbell , 1 , 195.130.124.2 , 0.679015 , 0.11 , 0.065
o4EV7777UjSPUZT4n1a8bOP9dwJY4OiG , 1 , 195.130.124.2 , 0.630093 , -1 , 0.079
Girls Love Beyonce , 1 , 195.130.124.2 , 0.611742 , 0.14 , 0.069
llYvKYSRhPr3H4O8aBU61jblNGyRYdnn , 1 , 195.130.124.2 , 0.694279 , -1 , 0.081
Tracy McGrady , 1 , 195.130.124.2 , 0.852371 , 0.14 , 0.08
4OUqmVyQbeCTbc132JI5DQh7Zz9ZD8YX , 1 , 195.130.124.2 , 0.54786 , -1 , 0.086
USA TODAY , 1 , 195.130.124.2 , 0.825687 , 0.13 , 0.068
kIAuqADqjJTkhys3J6GRXRNpwAlDdMH9 , 1 , 195.130.124.2 , 0.61285 , -1 , 0.091
Washington Post , 1 , 194.213.16.129 , 0.647646 , 0.13 , -1 ,
TkG67gx5Y1nG93bR15VpTwMA8qODBKFX , 1 , 195.130.124.2 , 0.630723 , -1 , 0.07
Carlos Arredondo , 1 , 195.130.124.2 , 0.626159 , 0.15 , 0.084
FKVcjXWLq4aPOTV9BalV5PY2utxs7PZu , 1 , 208.69.33.17 , 0.673952 , -1 , 48.2
Outside Lands , 1 , 195.130.124.2 , 0.629755 , 0.11 , 0.09
hCrEPdQmbfrxHrJ3nArQ5vvng6YItbGp , 1 , 195.130.124.2 , 0.634535 , -1 , 0.081
ricin , 2 , 195.130.124.2 , 0.627239 , 0.11 , 0.086
zzBiUW0sOLHdHOBbuED7LTP3Rl3KVPht , 2 , 195.130.124.2 , 0.650367 , -1 , 0.061
American Airlines , 2 , 195.130.124.2 , 0.708265 , 0.13 , 0.084
GVZWL87EFlqUIqj2N18oip2OjTNp2Coq , 2 , 192.221.144.242 , 0.713456 , -1 , -1 ,
Huffington Post , 2 , 195.130.124.2 , 0.663694 , 0.12 , 0.073
otiMeZzgStFox9L33h3vM7la6gMofCqa , 2 , 173.194.97.18 , 0.637394 , -1 , -1 ,
Krystle Campbell , 2 , 195.130.124.2 , 0.768589 , 0.15 , 0.069
o4EV7777UjSPUZT4n1a8bOP9dwJY4OiG , 2 , 195.130.124.2 , 0.632498 , -1 , 0.076
Girls Love Beyonce , 2 , 195.130.124.2 , 0.612463 , 0.13 , 0.058
llYvKYSRhPr3H4O8aBU61jblNGyRYdnn , 2 , 168.167.252.242 , 0.548946 , -1 , -1 ,
Tracy McGrady , 2 , 195.130.124.2 , 0.745843 , 0.15 , 0.075
4OUqmVyQbeCTbc132JI5DQh7Zz9ZD8YX , 2 , 195.130.124.2 , 0.650906 , -1 , 0.071
USA TODAY , 2 , 195.130.124.2 , 0.628894 , 0.14 , 0.07
kIAuqADqjJTkhys3J6GRXRNpwAlDdMH9 , 2 , 195.130.124.2 , 0.665888 , -1 , 0.074
Washington Post , 2 , 195.130.124.2 , 0.636788 , 0.11 , 0.088
TkG67gx5Y1nG93bR15VpTwMA8qODBKFX , 2 , 193.189.177.53 , 0.648149 , -1 , 83.9
Carlos Arredondo , 2 , 195.130.124.2 , 0.618838 , 0.11 , 0.081
FKVcjXWLq4aPOTV9BalV5PY2utxs7PZu , 2 , 74.125.189.22 , 0.554153 , -1 , 53.3
Outside Lands , 2 , 195.130.124.2 , 0.655991 , 0.09 , 0.067
hCrEPdQmbfrxHrJ3nArQ5vvng6YItbGp , 2 , 195.130.124.2 , 0.628727 , -1 , 0.065
ricin , 3 , 195.130.124.2 , 0.667767 , 0.14 , 0.055
zzBiUW0sOLHdHOBbuED7LTP3Rl3KVPht , 3 , 195.130.124.2 , 0.628671 , -1 , 0.061
American Airlines , 3 , 195.130.124.2 , 0.637828 , 0.16 , 0.076
GVZWL87EFlqUIqj2N18oip2OjTNp2Coq , 3 , 195.130.124.2 , 0.591357 , -1 , 0.06
Huffington Post , 3 , 192.221.146.174 , 0.705603 , 0.14 , -1 ,
otiMeZzgStFox9L33h3vM7la6gMofCqa , 3 , 195.116.182.232 , 0.623267 , -1 , 78.1
Krystle Campbell , 3 , 195.130.124.2 , 0.74531 , 0.14 , 0.07
o4EV7777UjSPUZT4n1a8bOP9dwJY4OiG , 3 , 195.130.124.2 , 0.608603 , -1 , 0.075
Girls Love Beyonce , 3 , 141.250.1.6 , 0.703598 , 0.18 , -1 ,
llYvKYSRhPr3H4O8aBU61jblNGyRYdnn , 3 , 67.215.80.21 , 0.614164 , -1 , -1 ,
Tracy McGrady , 3 , 195.130.124.2 , 0.755655 , 0.16 , 0.083
4OUqmVyQbeCTbc132JI5DQh7Zz9ZD8YX , 3 , 195.130.124.2 , 0.56681 , -1 , 0.075
USA TODAY , 3 , 195.130.124.2 , 0.711824 , 0.14 , 0.088
kIAuqADqjJTkhys3J6GRXRNpwAlDdMH9 , 3 , 195.130.124.2 , 0.560309 , -1 , 0.081
Washington Post , 3 , 173.194.97.22 , 0.65734 , 0.17 , -1 ,
TkG67gx5Y1nG93bR15VpTwMA8qODBKFX , 3 , 195.130.124.2 , 0.591443 , -1 , 0.059
Carlos Arredondo , 3 , 195.130.124.2 , 0.706418 , 0.11 , 0.084
FKVcjXWLq4aPOTV9BalV5PY2utxs7PZu , 3 , 173.194.97.21 , 0.615613 , -1 , -1 ,
Outside Lands , 3 , 202.188.0.136 , 0.613533 , 0.11 , -1 ,
hCrEPdQmbfrxHrJ3nArQ5vvng6YItbGp , 3 , 195.130.124.2 , 0.636629 , -1 , 0.056
ricin , 4 , 195.130.124.2 , 0.706873 , 0.12 , 0.068
zzBiUW0sOLHdHOBbuED7LTP3Rl3KVPht , 4 , 83.235.65.38 , 0.616364 , -1 , 8.43
American Airlines , 4 , 195.130.124.2 , 0.643176 , 0.11 , 0.091
GVZWL87EFlqUIqj2N18oip2OjTNp2Coq , 4 , 195.130.124.2 , 0.700823 , -1 , 0.071
Huffington Post , 4 , 195.130.124.2 , 0.589013 , 0.12 , 0.066
otiMeZzgStFox9L33h3vM7la6gMofCqa , 4 , 195.130.124.2 , 0.607569 , -1 , 0.074
Krystle Campbell , 4 , 195.130.124.2 , 0.710213 , 0.15 , 0.079
o4EV7777UjSPUZT4n1a8bOP9dwJY4OiG , 4 , 195.130.124.2 , 0.65738 , -1 , 0.106
Girls Love Beyonce , 4 , 195.130.124.2 , 0.608274 , 0.13 , 0.063
llYvKYSRhPr3H4O8aBU61jblNGyRYdnn , 4 , 202.138.96.62 , 0.648417 , -1 , -1 ,
Tracy McGrady , 4 , 195.130.124.2 , 0.756502 , 0.12 , 0.078
4OUqmVyQbeCTbc132JI5DQh7Zz9ZD8YX , 4 , 78.100.39.164 , 0.628625 , -1 , -1 ,
USA TODAY , 4 , 195.130.124.2 , 0.72306 , 0.13 , 0.054
kIAuqADqjJTkhys3J6GRXRNpwAlDdMH9 , 4 , 195.130.124.2 , 0.649278 , -1 , 0.073
Washington Post , 4 , 195.130.124.2 , 0.589752 , 0.13 , 0.067
TkG67gx5Y1nG93bR15VpTwMA8qODBKFX , 4 , 165.21.100.94 , 0.569347 , -1 , -1 ,
Carlos Arredondo , 4 , 195.130.124.2 , 0.598328 , 0.17 , 0.057
FKVcjXWLq4aPOTV9BalV5PY2utxs7PZu , 4 , 175.100.191.222 , 0.591601 , -1 , -1 ,
Outside Lands , 4 , 64.233.168.86 , 0.670877 , 0.09 , -1 ,
hCrEPdQmbfrxHrJ3nArQ5vvng6YItbGp , 4 , 195.130.124.2 , 0.612727 , -1 , 0.075
ricin , 5 , 195.130.124.2 , 0.699317 , 0.1 , 0.074
zzBiUW0sOLHdHOBbuED7LTP3Rl3KVPht , 5 , 195.130.124.2 , 0.644392 , -1 , 0.085
American Airlines , 5 , 195.130.124.2 , 0.623182 , 0.14 , 0.062
GVZWL87EFlqUIqj2N18oip2OjTNp2Coq , 5 , 67.215.80.15 , 0.560533 , -1 , -1 ,
Huffington Post , 5 , 195.130.124.2 , 0.714655 , 0.16 , 0.072
otiMeZzgStFox9L33h3vM7la6gMofCqa , 5 , 195.130.124.2 , 0.613741 , -1 , 0.068
Krystle Campbell , 5 , 74.125.189.18 , 0.825887 , 0.12 , 57.8
o4EV7777UjSPUZT4n1a8bOP9dwJY4OiG , 5 , 195.130.124.2 , 0.651982 , -1 , 0.062
Girls Love Beyonce , 5 , 195.130.124.2 , 0.641443 , 0.17 , 0.084
llYvKYSRhPr3H4O8aBU61jblNGyRYdnn , 5 , 208.69.33.17 , 0.639629 , -1 , 48.2
Tracy McGrady , 5 , 195.130.124.2 , 0.755715 , 0.12 , 0.076
4OUqmVyQbeCTbc132JI5DQh7Zz9ZD8YX , 5 , 195.130.124.2 , 0.625867 , -1 , 0.06
USA TODAY , 5 , 41.160.0.36 , 0.792864 , 0.12 , -1 ,
kIAuqADqjJTkhys3J6GRXRNpwAlDdMH9 , 5 , 180.211.88.5 , 0.632716 , -1 , -1 ,
Washington Post , 5 , 195.130.124.2 , 0.624414 , 0.18 , 0.079
TkG67gx5Y1nG93bR15VpTwMA8qODBKFX , 5 , 195.130.124.2 , 0.616951 , -1 , 0.065
Carlos Arredondo , 5 , 195.130.124.2 , 0.663144 , 0.15 , 0.088
FKVcjXWLq4aPOTV9BalV5PY2utxs7PZu , 5 , 195.130.124.2 , 0.661909 , -1 , 0.073
Outside Lands , 5 , 195.130.124.2 , 0.743626 , 0.15 , 0.093
hCrEPdQmbfrxHrJ3nArQ5vvng6YItbGp , 5 , 195.130.124.2 , 0.639182 , -1 , 0.085
ricin , 6 , 195.130.124.2 , 0.636503 , 0.16 , 0.083
zzBiUW0sOLHdHOBbuED7LTP3Rl3KVPht , 6 , 195.130.124.2 , 0.57231 , -1 , 0.074
American Airlines , 6 , 195.130.124.2 , 0.659845 , 0.14 , 0.079
GVZWL87EFlqUIqj2N18oip2OjTNp2Coq , 6 , 195.130.124.2 , 0.609584 , -1 , 0.056
Huffington Post , 6 , 195.130.124.2 , 0.634078 , 0.13 , 0.086
otiMeZzgStFox9L33h3vM7la6gMofCqa , 6 , 195.130.124.2 , 0.627857 , -1 , 0.073
Krystle Campbell , 6 , 195.130.124.2 , 0.769554 , 0.19 , 0.075
o4EV7777UjSPUZT4n1a8bOP9dwJY4OiG , 6 , 195.130.124.2 , 0.554402 , -1 , 0.077
Girls Love Beyonce , 6 , 195.130.124.2 , 0.653889 , 0.17 , 0.077
llYvKYSRhPr3H4O8aBU61jblNGyRYdnn , 6 , 195.130.124.2 , 0.583859 , -1 , 0.076
Tracy McGrady , 6 , 193.92.182.4 , 0.753788 , 0.15 , 16.8
4OUqmVyQbeCTbc132JI5DQh7Zz9ZD8YX , 6 , 195.130.124.2 , 0.647451 , -1 , 0.094
USA TODAY , 6 , 195.130.124.2 , 0.669148 , 0.12 , 0.089
kIAuqADqjJTkhys3J6GRXRNpwAlDdMH9 , 6 , 195.130.124.2 , 0.5515 , -1 , 0.065
Washington Post , 6 , 129.78.32.20 , 0.649968 , 0.12 , -1 ,
TkG67gx5Y1nG93bR15VpTwMA8qODBKFX , 6 , 203.130.2.4 , 0.634688 , -1 , -1 ,
Carlos Arredondo , 6 , 195.130.124.2 , 0.587933 , 0.15 , 0.09
FKVcjXWLq4aPOTV9BalV5PY2utxs7PZu , 6 , 195.130.124.2 , 0.640797 , -1 , 0.09
Outside Lands , 6 , 195.130.124.2 , 0.703053 , 0.11 , 0.081
hCrEPdQmbfrxHrJ3nArQ5vvng6YItbGp , 6 , 195.130.124.2 , 0.567481 , -1 , 0.08
ricin , 7 , 195.130.124.2 , 0.680148 , 0.29 , 0.073
zzBiUW0sOLHdHOBbuED7LTP3Rl3KVPht , 7 , 195.130.124.2 , 0.631243 , -1 , 0.08
American Airlines , 7 , 195.130.124.2 , 0.610936 , 0.11 , 0.07
GVZWL87EFlqUIqj2N18oip2OjTNp2Coq , 7 , 195.130.124.2 , 0.658427 , -1 , 0.087
Huffington Post , 7 , 195.130.124.2 , 0.649198 , 0.16 , 0.081
otiMeZzgStFox9L33h3vM7la6gMofCqa , 7 , 195.130.124.2 , 0.610284 , -1 , 0.063
Krystle Campbell , 7 , 195.130.124.2 , 0.674039 , 0.16 , 0.061
o4EV7777UjSPUZT4n1a8bOP9dwJY4OiG , 7 , 195.130.124.2 , 0.648606 , -1 , 0.069
Girls Love Beyonce , 7 , 212.19.128.8 , 0.695411 , 0.19 , -1 ,
llYvKYSRhPr3H4O8aBU61jblNGyRYdnn , 7 , 195.130.124.2 , 0.633023 , -1 , 0.076
Tracy McGrady , 7 , 195.130.124.2 , 0.694262 , 0.15 , 0.084
4OUqmVyQbeCTbc132JI5DQh7Zz9ZD8YX , 7 , 195.130.124.2 , 0.610589 , -1 , 0.082
USA TODAY , 7 , 195.130.124.2 , 0.651247 , 0.13 , 0.08
kIAuqADqjJTkhys3J6GRXRNpwAlDdMH9 , 7 , 195.130.124.2 , 0.638677 , -1 , 0.075
Washington Post , 7 , 195.130.124.2 , 0.672639 , 0.16 , 0.065
TkG67gx5Y1nG93bR15VpTwMA8qODBKFX , 7 , 195.130.124.2 , 0.649954 , -1 , 0.069
Carlos Arredondo , 7 , 195.130.124.2 , 0.627374 , 0.16 , 0.079
FKVcjXWLq4aPOTV9BalV5PY2utxs7PZu , 7 , 196.26.52.130 , 0.604689 , -1 , -1 ,
Outside Lands , 7 , 195.130.124.2 , 0.701985 , 0.1 , 0.081
hCrEPdQmbfrxHrJ3nArQ5vvng6YItbGp , 7 , 195.130.124.2 , 0.649705 , -1 , 0.07
ricin , 8 , 195.130.124.2 , 0.637259 , 0.14 , 0.062
zzBiUW0sOLHdHOBbuED7LTP3Rl3KVPht , 8 , 195.130.124.2 , 0.567716 , -1 , 0.094
American Airlines , 8 , 195.130.124.2 , 0.701224 , 0.13 , 0.085
GVZWL87EFlqUIqj2N18oip2OjTNp2Coq , 8 , 195.130.124.2 , 0.621686 , -1 , 0.076
Huffington Post , 8 , 195.130.124.2 , 0.669774 , 0.14 , 0.073
otiMeZzgStFox9L33h3vM7la6gMofCqa , 8 , 94.241.128.3 , 0.591087 , -1 , -1 ,
Krystle Campbell , 8 , 195.130.124.2 , 0.733381 , 0.14 , 0.079
o4EV7777UjSPUZT4n1a8bOP9dwJY4OiG , 8 , 195.130.124.2 , 0.62525 , -1 , 0.056
Girls Love Beyonce , 8 , 195.130.124.2 , 0.595692 , 0.16 , 0.072
llYvKYSRhPr3H4O8aBU61jblNGyRYdnn , 8 , 195.130.124.2 , 0.608622 , -1 , 0.073
Tracy McGrady , 8 , 195.130.124.2 , 0.927441 , 0.18 , 0.088
4OUqmVyQbeCTbc132JI5DQh7Zz9ZD8YX , 8 , 195.130.124.2 , 0.741743 , -1 , 0.077
USA TODAY , 8 , 144.122.30.10 , 0.707337 , 0.15 , 74.7
kIAuqADqjJTkhys3J6GRXRNpwAlDdMH9 , 8 , 195.130.124.2 , 0.577061 , -1 , 0.085
Washington Post , 8 , 173.194.97.16 , 0.68257 , 0.12 , -1 ,
TkG67gx5Y1nG93bR15VpTwMA8qODBKFX , 8 , 195.130.124.2 , 0.716587 , -1 , 0.076
Carlos Arredondo , 8 , 195.130.124.2 , 0.696308 , 0.13 , 0.078
FKVcjXWLq4aPOTV9BalV5PY2utxs7PZu , 8 , 221.11.156.142 , 0.680631 , -1 , -1 ,
Outside Lands , 8 , 195.130.124.2 , 0.647685 , 0.1 , 0.063
hCrEPdQmbfrxHrJ3nArQ5vvng6YItbGp , 8 , 195.130.124.2 , 0.626452 , -1 , 0.066
ricin , 9 , 195.130.124.2 , 0.64324 , 0.13 , 0.056
zzBiUW0sOLHdHOBbuED7LTP3Rl3KVPht , 9 , 195.130.124.2 , 0.574057 , -1 , 0.063
American Airlines , 9 , 195.130.124.2 , 0.671792 , 0.15 , 0.078
GVZWL87EFlqUIqj2N18oip2OjTNp2Coq , 9 , 195.130.124.2 , 0.637921 , -1 , 0.063
Huffington Post , 9 , 192.221.146.93 , 0.640335 , 0.12 , -1 ,
otiMeZzgStFox9L33h3vM7la6gMofCqa , 9 , 195.130.124.2 , 0.602634 , -1 , 0.071
Krystle Campbell , 9 , 74.125.189.18 , 0.731703 , 0.15 , 57.8
o4EV7777UjSPUZT4n1a8bOP9dwJY4OiG , 9 , 195.130.124.2 , 0.621881 , -1 , 0.066
Girls Love Beyonce , 9 , 150.101.197.132 , 0.614584 , 0.19 , -1 ,
llYvKYSRhPr3H4O8aBU61jblNGyRYdnn , 9 , 195.130.124.2 , 0.600167 , -1 , 0.074
Tracy McGrady , 9 , 195.130.124.2 , 0.727232 , 0.16 , 0.062
4OUqmVyQbeCTbc132JI5DQh7Zz9ZD8YX , 9 , 195.130.124.2 , 0.631927 , -1 , 0.078
USA TODAY , 9 , 195.130.124.2 , 0.622378 , 0.16 , 0.065
kIAuqADqjJTkhys3J6GRXRNpwAlDdMH9 , 9 , 195.130.124.2 , 0.542466 , -1 , 0.073
Washington Post , 9 , 195.130.124.2 , 0.632142 , 0.14 , 0.076
TkG67gx5Y1nG93bR15VpTwMA8qODBKFX , 9 , 195.130.124.2 , 0.676456 , -1 , 0.087
Carlos Arredondo , 9 , 195.130.124.2 , 0.718622 , 0.14 , 0.074
FKVcjXWLq4aPOTV9BalV5PY2utxs7PZu , 9 , 195.130.124.2 , 0.58895 , -1 , 0.062
Outside Lands , 9 , 195.130.124.2 , 0.679306 , 0.09 , 0.07
hCrEPdQmbfrxHrJ3nArQ5vvng6YItbGp , 9 , 195.130.124.2 , 0.542087 , -1 , 0.08
ricin , 0 , 195.130.124.2 , 0.677696 , 0.12 , 0.074
squCqBTWMS2nPp1EMf3bRXyEtmZc0Fpy , 0 , 195.130.124.2 , 0.676605 , -1 , 0.068
Krystle Campbell , 0 , 195.130.124.2 , 0.723664 , 0.16 , 0.081
Rih1hpQWfTUZgQYpwguAZ9LO5kZgZaSt , 0 , 195.130.124.2 , 0.656516 , -1 , 0.071
Huffington Post , 0 , 74.125.189.17 , 0.684775 , 0.14 , 55.5
HPuA83B1jYyFTFVXPLdTmcH9zcbgHNDK , 0 , 195.130.124.2 , 0.60589 , -1 , 0.075
Girls Love Beyonce , 0 , 195.130.124.2 , 0.590371 , 0.21 , 0.085
zOwIJkjO8PAgqEdj5niog3BHpj2nYGZN , 0 , 195.130.124.2 , 0.604053 , -1 , 0.074
BBC News , 0 , 195.130.124.2 , 0.610018 , 0.14 , 0.066
5ZzrxUrwvtMIUcN6mkhG9eD21laRXsUo , 0 , 195.130.124.2 , 0.613932 , -1 , 0.068
Carlos Arredondo , 0 , 213.157.176.190 , 0.674708 , 0.18 , 99.1
o499QBnqglqdSbVBTyAT5jGnJHn0QlAy , 0 , 195.130.124.2 , 0.607077 , -1 , 0.073
Tracy McGrady , 0 , 195.130.124.2 , 0.742433 , 0.18 , 0.071
Z8iMJJAcaLJmPhEHHv4hRPPZZkAzBdxI , 0 , 195.130.124.2 , 0.598416 , -1 , 0.072
Washington Post , 0 , 195.130.124.2 , 0.61678 , 0.14 , 0.073
gWw6ihLFBR7Cen7wQ3T0J0Ks5KIb8Ptl , 0 , 195.130.124.2 , 0.630861 , -1 , 0.06
Outside Lands , 0 , 195.130.124.2 , 0.633613 , 0.13 , 0.061
yL6YaQUUquJ67vfCOON2QU7IBRZjIzOV , 0 , 195.130.124.2 , 0.635 , -1 , 0.088
Patton Oswalt , 0 , 195.130.124.2 , 0.837433 , 0.2 , 0.078
QsRDSoEtSvNOcthzcLKSigzLlRP3Y3M9 , 0 , 195.130.124.2 , 0.609726 , -1 , 0.058
ricin , 1 , 82.77.157.2 , 0.613294 , 0.09 , -1 ,
squCqBTWMS2nPp1EMf3bRXyEtmZc0Fpy , 1 , 195.130.124.2 , 0.549303 , -1 , 0.082
Krystle Campbell , 1 , 194.20.8.4 , 0.827093 , 0.15 , -1 ,
Rih1hpQWfTUZgQYpwguAZ9LO5kZgZaSt , 1 , 195.130.124.2 , 0.630596 , -1 , 0.064
Huffington Post , 1 , 195.130.124.2 , 0.644047 , 0.14 , 0.062
HPuA83B1jYyFTFVXPLdTmcH9zcbgHNDK , 1 , 74.125.18.160 , 0.634351 , -1 , 65.0
Girls Love Beyonce , 1 , 195.130.124.2 , 0.636858 , 0.11 , 0.076
zOwIJkjO8PAgqEdj5niog3BHpj2nYGZN , 1 , 74.125.16.88 , 0.596757 , -1 , -1 ,
BBC News , 1 , 195.130.124.2 , 0.647572 , 0.16 , 0.074
5ZzrxUrwvtMIUcN6mkhG9eD21laRXsUo , 1 , 195.130.124.2 , 0.58504 , -1 , 0.085
Carlos Arredondo , 1 , 194.204.159.22 , 0.76487 , 0.11 , -1 ,
o499QBnqglqdSbVBTyAT5jGnJHn0QlAy , 1 , 80.169.158.122 , 0.718023 , -1 , 63.6
Tracy McGrady , 1 , 195.130.124.2 , 0.796921 , 0.13 , 0.078
Z8iMJJAcaLJmPhEHHv4hRPPZZkAzBdxI , 1 , 195.130.124.2 , 0.574259 , -1 , 0.072
Washington Post , 1 , 195.130.124.2 , 0.76139 , 0.16 , 0.082
gWw6ihLFBR7Cen7wQ3T0J0Ks5KIb8Ptl , 1 , 195.130.124.2 , 0.57866 , -1 , 0.063
Outside Lands , 1 , 192.221.156.22 , 0.734858 , 0.09 , -1 ,
yL6YaQUUquJ67vfCOON2QU7IBRZjIzOV , 1 , 195.130.124.2 , 0.711947 , -1 , 0.076
Patton Oswalt , 1 , 195.130.124.2 , 0.860252 , 0.17 , 0.077
QsRDSoEtSvNOcthzcLKSigzLlRP3Y3M9 , 1 , 195.130.124.2 , 0.612765 , -1 , 0.087
ricin , 2 , 195.130.124.2 , 0.640639 , 0.17 , 0.08
squCqBTWMS2nPp1EMf3bRXyEtmZc0Fpy , 2 , 195.130.124.2 , 0.629717 , -1 , 0.075
Krystle Campbell , 2 , 193.43.36.9 , 0.709558 , 0.15 , -1 ,
Rih1hpQWfTUZgQYpwguAZ9LO5kZgZaSt , 2 , 195.130.124.2 , 0.647787 , -1 , 0.093
Huffington Post , 2 , 195.130.124.2 , 0.670405 , 0.14 , 0.063
HPuA83B1jYyFTFVXPLdTmcH9zcbgHNDK , 2 , 41.181.99.93 , 0.631545 , -1 , -1 ,
Girls Love Beyonce , 2 , 195.130.124.2 , 0.639749 , 0.15 , 0.087
zOwIJkjO8PAgqEdj5niog3BHpj2nYGZN , 2 , 195.130.124.2 , 0.637012 , -1 , 0.073
BBC News , 2 , 74.125.189.22 , 0.649575 , 0.11 , 53.4
5ZzrxUrwvtMIUcN6mkhG9eD21laRXsUo , 2 , 195.130.124.2 , 0.635102 , -1 , 0.062
Carlos Arredondo , 2 , 41.0.1.3 , 0.596552 , 0.2 , -1 ,
o499QBnqglqdSbVBTyAT5jGnJHn0QlAy , 2 , 195.130.124.2 , 0.612406 , -1 , 0.055
Tracy McGrady , 2 , 195.130.124.2 , 0.812707 , 0.17 , 0.077
Z8iMJJAcaLJmPhEHHv4hRPPZZkAzBdxI , 2 , 195.130.124.2 , 0.615679 , -1 , 0.065
Washington Post , 2 , 195.130.124.2 , 0.653411 , 0.14 , 0.086
gWw6ihLFBR7Cen7wQ3T0J0Ks5KIb8Ptl , 2 , None , 0.621873 , -1 , -1 ,
Outside Lands , 2 , 195.130.124.2 , 0.604083 , 0.09 , 0.063
yL6YaQUUquJ67vfCOON2QU7IBRZjIzOV , 2 , 195.130.124.2 , 0.642979 , -1 , 0.062
Patton Oswalt , 2 , 195.130.124.2 , 0.846741 , 0.22 , 0.062
QsRDSoEtSvNOcthzcLKSigzLlRP3Y3M9 , 2 , 195.130.124.2 , 0.656473 , -1 , 0.071
ricin , 3 , 195.130.124.2 , 0.620914 , 0.12 , 0.072
squCqBTWMS2nPp1EMf3bRXyEtmZc0Fpy , 3 , 195.130.124.2 , 0.568536 , -1 , 0.059
Krystle Campbell , 3 , 195.130.124.2 , 0.715902 , 0.11 , 0.07
Rih1hpQWfTUZgQYpwguAZ9LO5kZgZaSt , 3 , 195.130.124.2 , 0.612015 , -1 , 0.082
Huffington Post , 3 , 195.130.124.2 , 0.615764 , 0.12 , 0.087
HPuA83B1jYyFTFVXPLdTmcH9zcbgHNDK , 3 , 195.130.124.2 , 0.628823 , -1 , 0.084
Girls Love Beyonce , 3 , 195.130.124.2 , 0.640686 , 0.13 , 0.067
zOwIJkjO8PAgqEdj5niog3BHpj2nYGZN , 3 , 195.130.124.2 , 0.626473 , -1 , 0.082
BBC News , 3 , 195.130.124.2 , 0.620544 , 0.18 , 0.059
5ZzrxUrwvtMIUcN6mkhG9eD21laRXsUo , 3 , 195.130.124.2 , 0.664199 , -1 , 0.083
Carlos Arredondo , 3 , 195.130.124.2 , 0.61367 , 0.13 , 0.082
o499QBnqglqdSbVBTyAT5jGnJHn0QlAy , 3 , 195.130.124.2 , 0.636424 , -1 , 0.067
Tracy McGrady , 3 , 195.130.124.2 , 0.787824 , 0.18 , 0.073
Z8iMJJAcaLJmPhEHHv4hRPPZZkAzBdxI , 3 , 194.84.23.125 , 0.659365 , -1 , -1 ,
Washington Post , 3 , 195.130.124.2 , 0.692283 , 0.14 , 0.07
gWw6ihLFBR7Cen7wQ3T0J0Ks5KIb8Ptl , 3 , 195.130.124.2 , 0.551442 , -1 , 0.071
Outside Lands , 3 , 195.130.124.2 , 0.617218 , 0.15 , 0.064
yL6YaQUUquJ67vfCOON2QU7IBRZjIzOV , 3 , 195.130.124.2 , 0.568683 , -1 , 0.087
Patton Oswalt , 3 , 89.36.89.36 , 0.8167 , 0.17 , 80.6
QsRDSoEtSvNOcthzcLKSigzLlRP3Y3M9 , 3 , 195.130.124.2 , 0.576979 , -1 , 0.061
ricin , 4 , 195.130.124.2 , 0.659702 , 0.13 , 0.07
squCqBTWMS2nPp1EMf3bRXyEtmZc0Fpy , 4 , 195.130.124.2 , 0.632846 , -1 , 0.068
Krystle Campbell , 4 , 195.130.124.2 , 0.727993 , 0.12 , 0.074
Rih1hpQWfTUZgQYpwguAZ9LO5kZgZaSt , 4 , 195.130.124.2 , 0.581298 , -1 , 0.066
Huffington Post , 4 , 91.195.129.2 , 0.925704 , 0.14 , -1 ,
HPuA83B1jYyFTFVXPLdTmcH9zcbgHNDK , 4 , 195.130.124.2 , 0.633855 , -1 , 0.069
Girls Love Beyonce , 4 , 195.130.124.2 , 0.653174 , 0.14 , 0.076
zOwIJkjO8PAgqEdj5niog3BHpj2nYGZN , 4 , 195.130.124.2 , 0.607373 , -1 , 0.079
BBC News , 4 , 195.130.124.2 , 0.700171 , 0.2 , 0.082
5ZzrxUrwvtMIUcN6mkhG9eD21laRXsUo , 4 , 77.246.230.11 , 0.62881 , -1 , -1 ,
Carlos Arredondo , 4 , 195.130.124.2 , 0.709515 , 0.13 , 0.084
o499QBnqglqdSbVBTyAT5jGnJHn0QlAy , 4 , 195.130.124.2 , 0.596939 , -1 , 0.059
Tracy McGrady , 4 , 193.27.209.209 , 0.827526 , 0.21 , 80.3
Z8iMJJAcaLJmPhEHHv4hRPPZZkAzBdxI , 4 , 193.231.238.1 , 0.606225 , -1 , 88.8
Washington Post , 4 , 195.130.124.2 , 0.635927 , 0.15 , 0.075
gWw6ihLFBR7Cen7wQ3T0J0Ks5KIb8Ptl , 4 , 195.130.124.2 , 0.630759 , -1 , 0.066
Outside Lands , 4 , 195.130.124.2 , 0.620831 , 0.11 , 0.083
yL6YaQUUquJ67vfCOON2QU7IBRZjIzOV , 4 , 195.130.124.2 , 0.598649 , -1 , 0.083
Patton Oswalt , 4 , 157.181.42.42 , 0.769274 , 0.19 , 40.6
QsRDSoEtSvNOcthzcLKSigzLlRP3Y3M9 , 4 , 195.130.124.2 , 0.570471 , -1 , 0.056
ricin , 5 , 195.130.124.2 , 0.605698 , 0.13 , 0.061
squCqBTWMS2nPp1EMf3bRXyEtmZc0Fpy , 5 , 195.130.124.2 , 0.595007 , -1 , 0.07
Krystle Campbell , 5 , 195.130.124.2 , 0.669637 , 0.18 , 0.085
Rih1hpQWfTUZgQYpwguAZ9LO5kZgZaSt , 5 , 195.130.124.2 , 0.575498 , -1 , 0.084
Huffington Post , 5 , 195.130.124.2 , 0.689901 , 0.17 , 0.071
HPuA83B1jYyFTFVXPLdTmcH9zcbgHNDK , 5 , 195.130.124.2 , 0.575673 , -1 , 0.074
Girls Love Beyonce , 5 , 192.221.163.45 , 0.66187 , 0.22 , -1 ,
zOwIJkjO8PAgqEdj5niog3BHpj2nYGZN , 5 , 195.130.124.2 , 0.742554 , -1 , 0.077
BBC News , 5 , 195.130.124.2 , 0.618152 , 0.12 , 0.079
5ZzrxUrwvtMIUcN6mkhG9eD21laRXsUo , 5 , 195.130.124.2 , 0.62734 , -1 , 0.088
Carlos Arredondo , 5 , 195.130.124.2 , 0.657582 , 0.13 , 0.072
o499QBnqglqdSbVBTyAT5jGnJHn0QlAy , 5 , None , 0.660903 , -1 , -1 ,
Tracy McGrady , 5 , 195.130.124.2 , 0.765191 , 0.15 , 0.077
Z8iMJJAcaLJmPhEHHv4hRPPZZkAzBdxI , 5 , 195.130.124.2 , 0.61343 , -1 , 0.082
Washington Post , 5 , 195.130.124.2 , 0.68738 , 0.13 , 0.088
gWw6ihLFBR7Cen7wQ3T0J0Ks5KIb8Ptl , 5 , 195.130.124.2 , 0.612889 , -1 , 0.081
Outside Lands , 5 , 144.232.2.182 , 0.684739 , 0.1 , -1 ,
yL6YaQUUquJ67vfCOON2QU7IBRZjIzOV , 5 , 195.130.124.2 , 0.637215 , -1 , 0.067
Patton Oswalt , 5 , 195.130.124.2 , 0.825946 , 0.16 , 0.082
QsRDSoEtSvNOcthzcLKSigzLlRP3Y3M9 , 5 , 195.130.124.2 , 0.598182 , -1 , 0.078
ricin , 6 , 195.130.124.2 , 0.648235 , 0.13 , 0.077
squCqBTWMS2nPp1EMf3bRXyEtmZc0Fpy , 6 , 203.116.5.102 , 0.654482 , -1 , -1 ,
Krystle Campbell , 6 , 195.95.222.10 , 0.753002 , 0.18 , 85.1
Rih1hpQWfTUZgQYpwguAZ9LO5kZgZaSt , 6 , 195.130.124.2 , 0.557724 , -1 , 0.071
Huffington Post , 6 , 195.130.124.2 , 0.629808 , 0.13 , 0.079
HPuA83B1jYyFTFVXPLdTmcH9zcbgHNDK , 6 , 195.130.124.2 , 0.667978 , -1 , 0.084
Girls Love Beyonce , 6 , 195.130.124.2 , 0.647009 , 0.19 , 0.084
zOwIJkjO8PAgqEdj5niog3BHpj2nYGZN , 6 , 195.130.124.2 , 0.570161 , -1 , 0.073
BBC News , 6 , 202.188.1.9 , 0.583995 , 0.18 , -1 ,
5ZzrxUrwvtMIUcN6mkhG9eD21laRXsUo , 6 , 195.130.124.2 , 0.632911 , -1 , 0.081
Carlos Arredondo , 6 , 195.130.124.2 , 0.659764 , 0.16 , 0.073
o499QBnqglqdSbVBTyAT5jGnJHn0QlAy , 6 , 195.130.124.2 , 0.603872 , -1 , 0.057
Tracy McGrady , 6 , 195.130.124.2 , 0.80034 , 0.16 , 0.069
Z8iMJJAcaLJmPhEHHv4hRPPZZkAzBdxI , 6 , 195.130.124.2 , 0.620749 , -1 , 0.081
Washington Post , 6 , 123.30.52.45 , 0.661363 , 0.15 , -1 ,
gWw6ihLFBR7Cen7wQ3T0J0Ks5KIb8Ptl , 6 , 195.130.124.2 , 0.606945 , -1 , 0.082
Outside Lands , 6 , 195.130.124.2 , 0.615144 , 0.1 , 0.081
yL6YaQUUquJ67vfCOON2QU7IBRZjIzOV , 6 , 195.130.124.2 , 0.645296 , -1 , 0.082
Patton Oswalt , 6 , 195.130.124.2 , 0.806251 , 0.25 , 0.074
QsRDSoEtSvNOcthzcLKSigzLlRP3Y3M9 , 6 , 195.130.124.2 , 0.647946 , -1 , 0.081
ricin , 7 , 195.130.124.2 , 0.614401 , 0.15 , 0.073
squCqBTWMS2nPp1EMf3bRXyEtmZc0Fpy , 7 , 195.130.124.2 , 0.615206 , -1 , 0.073
Krystle Campbell , 7 , 192.117.235.90 , 0.726464 , 0.21 , -1 ,
Rih1hpQWfTUZgQYpwguAZ9LO5kZgZaSt , 7 , 195.130.124.2 , 0.654955 , -1 , 0.078
Huffington Post , 7 , 195.130.124.2 , 0.65471 , 0.16 , 0.069
HPuA83B1jYyFTFVXPLdTmcH9zcbgHNDK , 7 , 195.130.124.2 , 0.613005 , -1 , 0.079
Girls Love Beyonce , 7 , 195.130.124.2 , 0.615633 , 0.2 , 0.08
zOwIJkjO8PAgqEdj5niog3BHpj2nYGZN , 7 , 165.21.100.91 , 0.661039 , -1 , -1 ,
BBC News , 7 , 213.140.2.12 , 0.617172 , 0.22 , 49.9
5ZzrxUrwvtMIUcN6mkhG9eD21laRXsUo , 7 , 195.130.124.2 , 0.662693 , -1 , 0.069
Carlos Arredondo , 7 , 195.130.124.2 , 0.650392 , 0.14 , 0.071
o499QBnqglqdSbVBTyAT5jGnJHn0QlAy , 7 , 213.163.34.66 , 0.607803 , -1 , -1 ,
Tracy McGrady , 7 , 195.130.124.2 , 0.712087 , 0.17 , 0.083
Z8iMJJAcaLJmPhEHHv4hRPPZZkAzBdxI , 7 , 195.130.124.2 , 0.622018 , -1 , 0.069
Washington Post , 7 , 195.130.124.2 , 0.61628 , 0.13 , 0.054
gWw6ihLFBR7Cen7wQ3T0J0Ks5KIb8Ptl , 7 , 195.130.124.2 , 0.648829 , -1 , 0.072
Outside Lands , 7 , 147.102.222.210 , 0.622484 , 0.11 , 8.37
yL6YaQUUquJ67vfCOON2QU7IBRZjIzOV , 7 , 195.130.124.2 , 0.565621 , -1 , 0.064
Patton Oswalt , 7 , 195.130.124.2 , 0.769057 , 0.21 , 0.061
QsRDSoEtSvNOcthzcLKSigzLlRP3Y3M9 , 7 , 195.130.124.2 , 0.596536 , -1 , 0.089
ricin , 8 , 195.130.124.2 , 0.634274 , 0.14 , 0.067
squCqBTWMS2nPp1EMf3bRXyEtmZc0Fpy , 8 , 195.42.96.232 , 0.608249 , -1 , -1 ,
Krystle Campbell , 8 , 195.130.124.2 , 0.768646 , 0.16 , 0.07
Rih1hpQWfTUZgQYpwguAZ9LO5kZgZaSt , 8 , 195.130.124.2 , 0.65782 , -1 , 0.082
Huffington Post , 8 , 195.130.124.2 , 0.638085 , 0.13 , 0.075
HPuA83B1jYyFTFVXPLdTmcH9zcbgHNDK , 8 , 195.130.124.2 , 0.622588 , -1 , 0.063
Girls Love Beyonce , 8 , 195.130.124.2 , 0.811967 , 0.2 , 0.072
zOwIJkjO8PAgqEdj5niog3BHpj2nYGZN , 8 , 195.130.124.2 , 0.648092 , -1 , 0.089
BBC News , 8 , 195.130.124.2 , 0.574004 , 0.14 , 0.065
5ZzrxUrwvtMIUcN6mkhG9eD21laRXsUo , 8 , 195.130.124.2 , 0.645546 , -1 , 0.08
Carlos Arredondo , 8 , 192.117.235.90 , 0.693342 , 0.21 , -1 ,
o499QBnqglqdSbVBTyAT5jGnJHn0QlAy , 8 , 217.218.155.109 , 0.601269 , -1 , -1 ,
Tracy McGrady , 8 , 195.130.124.2 , 0.802028 , 0.18 , 0.078
Z8iMJJAcaLJmPhEHHv4hRPPZZkAzBdxI , 8 , 195.130.124.2 , 0.53619 , -1 , 0.081
Washington Post , 8 , 194.204.159.21 , 0.664414 , 0.16 , -1 ,
gWw6ihLFBR7Cen7wQ3T0J0Ks5KIb8Ptl , 8 , 195.130.124.2 , 0.651965 , -1 , 0.046
Outside Lands , 8 , 195.130.124.2 , 0.706452 , 0.1 , 0.08
yL6YaQUUquJ67vfCOON2QU7IBRZjIzOV , 8 , 195.130.124.2 , 0.636283 , -1 , 0.07
Patton Oswalt , 8 , 195.130.124.2 , 0.873347 , 0.23 , 0.072
QsRDSoEtSvNOcthzcLKSigzLlRP3Y3M9 , 8 , 195.130.124.2 , 0.689352 , -1 , 0.073
ricin , 9 , 195.130.124.2 , 0.672804 , 0.13 , 0.069
squCqBTWMS2nPp1EMf3bRXyEtmZc0Fpy , 9 , 195.130.124.2 , 0.57325 , -1 , 0.067
Krystle Campbell , 9 , 195.130.124.2 , 0.678125 , 0.17 , 0.073
Rih1hpQWfTUZgQYpwguAZ9LO5kZgZaSt , 9 , 195.130.124.2 , 0.60666 , -1 , 0.074
Huffington Post , 9 , 195.130.124.2 , 0.620145 , 0.17 , 0.081
HPuA83B1jYyFTFVXPLdTmcH9zcbgHNDK , 9 , 195.130.124.2 , 0.674697 , -1 , 0.071
Girls Love Beyonce , 9 , 195.130.124.2 , 0.636773 , 0.15 , 0.07
zOwIJkjO8PAgqEdj5niog3BHpj2nYGZN , 9 , 194.102.255.2 , 0.654377 , -1 , 80.2
BBC News , 9 , 195.130.124.2 , 0.603428 , 0.16 , 0.078
5ZzrxUrwvtMIUcN6mkhG9eD21laRXsUo , 9 , 195.130.124.2 , 0.632385 , -1 , 0.071
Carlos Arredondo , 9 , 67.215.80.19 , 0.65709 , 0.24 , -1 ,
o499QBnqglqdSbVBTyAT5jGnJHn0QlAy , 9 , 202.43.160.50 , 0.599655 , -1 , -1 ,
Tracy McGrady , 9 , 195.130.124.2 , 0.754025 , 0.17 , 0.076
Z8iMJJAcaLJmPhEHHv4hRPPZZkAzBdxI , 9 , 81.19.34.2 , 0.644048 , -1 , 43.7
Washington Post , 9 , 195.130.124.2 , 0.632299 , 0.2 , 0.08
gWw6ihLFBR7Cen7wQ3T0J0Ks5KIb8Ptl , 9 , 195.130.124.2 , 0.64448 , -1 , 0.062
Outside Lands , 9 , 192.114.75.45 , 0.659088 , 0.14 , -1 ,
yL6YaQUUquJ67vfCOON2QU7IBRZjIzOV , 9 , 195.130.124.2 , 0.654735 , -1 , 0.073
Patton Oswalt , 9 , 195.130.124.2 , 0.786531 , 0.2 , 0.058
QsRDSoEtSvNOcthzcLKSigzLlRP3Y3M9 , 9 , 195.130.124.2 , 0.625499 , -1 , 0.067
Pat Summerall , 0 , 195.130.124.2 , 0.72186 , 0.18 , 0.08
JKmwl8oGf7ROv27n5D5e0ozKSqsblAGU , 0 , 195.130.124.2 , 0.615481 , -1 , 0.082
ricin , 0 , 192.221.144.246 , 0.594288 , 0.12 , -1 ,
HH1C0fsf5MvllWQdFEdfwSTUugReCVvE , 0 , 195.130.124.2 , 0.654216 , -1 , 0.069
American Airlines , 0 , None , 0.594551 , 0.18 , -1 ,
k4GCkMtIcPqjt4RI07azsD7fWxT2hc7Z , 0 , 220.245.178.142 , 0.615496 , -1 , -1 ,
Huffington Post , 0 , 195.130.124.2 , 0.640949 , 0.15 , 0.058
aNZ6y6yW4BnNxMnxwhn4KBRaZiPrDY2B , 0 , 195.130.124.2 , 0.632855 , -1 , 0.066
Krystle Campbell , 0 , 195.130.124.2 , 0.696702 , 0.21 , 0.051
p54SsgNvg1L0tOkxtaSWl824ppJe4oDa , 0 , 195.130.124.2 , 0.604043 , -1 , 0.058
Girls Love Beyonce , 0 , 195.130.124.2 , 0.64225 , 0.16 , 0.066
LlzGr0lIw8obuctbDPr2qWhMB7IgxxXx , 0 , 195.130.124.2 , 0.653464 , -1 , 0.06
Carlos Arredondo , 0 , 195.130.124.2 , 0.655609 , 0.17 , 0.073
fvfA3Rc8rKS5GUNIdBhniB9dKzXRTHzj , 0 , 192.221.144.209 , 0.681088 , -1 , -1 ,
Friends , 0 , 195.130.124.2 , 0.847763 , 0.16 , 0.055
MkLS8TcLjGI3484W8I5wttQSEolMT7JF , 0 , 67.215.80.21 , 0.611741 , -1 , -1 ,
Tracy McGrady , 0 , 195.130.124.2 , 0.830138 , 0.17 , 0.063
ExC252jhgg3mJo6znHeHaDRScmRDaUPj , 0 , 195.130.124.2 , 0.616902 , -1 , 0.069
Washington Post , 0 , 195.130.124.2 , 0.62185 , 0.13 , 0.077
6obA9IEhSumeMP3mWRz99vdJnJBkcYuz , 0 , 195.130.124.2 , 0.631693 , -1 , 0.07
Pat Summerall , 1 , 195.130.124.2 , 0.752128 , 0.19 , 0.067
JKmwl8oGf7ROv27n5D5e0ozKSqsblAGU , 1 , 195.130.124.2 , 0.624356 , -1 , 0.088
ricin , 1 , 195.130.124.2 , 0.61119 , 0.14 , 0.076
HH1C0fsf5MvllWQdFEdfwSTUugReCVvE , 1 , 195.130.124.2 , 0.6655 , -1 , 0.09
American Airlines , 1 , 195.130.124.2 , 0.586313 , 0.15 , 0.078
k4GCkMtIcPqjt4RI07azsD7fWxT2hc7Z , 1 , 195.130.124.2 , 0.564705 , -1 , 0.082
Huffington Post , 1 , 195.130.124.2 , 0.657916 , 0.16 , 0.087
aNZ6y6yW4BnNxMnxwhn4KBRaZiPrDY2B , 1 , 74.125.18.208 , 0.6317 , -1 , 65.5
Krystle Campbell , 1 , 195.130.124.2 , 0.734836 , 0.14 , 0.088
p54SsgNvg1L0tOkxtaSWl824ppJe4oDa , 1 , 195.130.124.2 , 0.627591 , -1 , 0.083
Girls Love Beyonce , 1 , 195.130.124.2 , 0.633317 , 0.18 , 0.072
LlzGr0lIw8obuctbDPr2qWhMB7IgxxXx , 1 , 83.136.56.53 , 0.558792 , -1 , -1 ,
Carlos Arredondo , 1 , 195.130.124.2 , 0.662133 , 0.14 , 0.067
fvfA3Rc8rKS5GUNIdBhniB9dKzXRTHzj , 1 , 195.130.124.2 , 0.601873 , -1 , 0.073
Friends , 1 , 79.170.0.24 , 0.826134 , 0.19 , -1 ,
MkLS8TcLjGI3484W8I5wttQSEolMT7JF , 1 , 195.130.124.2 , 0.705969 , -1 , 0.073
Tracy McGrady , 1 , 195.130.124.2 , 0.826618 , 0.12 , 0.076
ExC252jhgg3mJo6znHeHaDRScmRDaUPj , 1 , 195.130.124.2 , 0.646164 , -1 , 0.072
Washington Post , 1 , 195.130.124.2 , 0.632494 , 0.13 , 0.08
6obA9IEhSumeMP3mWRz99vdJnJBkcYuz , 1 , 195.130.124.2 , 0.653156 , -1 , 0.063
Pat Summerall , 2 , 195.130.124.2 , 0.730618 , 0.13 , 0.075
JKmwl8oGf7ROv27n5D5e0ozKSqsblAGU , 2 , 195.130.124.2 , 0.573566 , -1 , 0.065
ricin , 2 , 208.69.33.17 , 0.696514 , 0.11 , 48.2
HH1C0fsf5MvllWQdFEdfwSTUugReCVvE , 2 , 195.130.124.2 , 0.614426 , -1 , 0.074
American Airlines , 2 , 195.130.124.2 , 0.600975 , 0.16 , 0.079
k4GCkMtIcPqjt4RI07azsD7fWxT2hc7Z , 2 , None , 0.614728 , -1 , -1 ,
Huffington Post , 2 , 195.130.124.2 , 0.635725 , 0.13 , 0.077
aNZ6y6yW4BnNxMnxwhn4KBRaZiPrDY2B , 2 , 195.130.124.2 , 0.586474 , -1 , 0.073
Krystle Campbell , 2 , 195.130.124.2 , 0.722037 , 0.16 , 0.084
p54SsgNvg1L0tOkxtaSWl824ppJe4oDa , 2 , 195.130.124.2 , 0.614911 , -1 , 0.081
Girls Love Beyonce , 2 , 195.130.124.2 , 0.656641 , 0.17 , 0.056
LlzGr0lIw8obuctbDPr2qWhMB7IgxxXx , 2 , 195.130.124.2 , 0.62931 , -1 , 0.081
Carlos Arredondo , 2 , 195.130.124.2 , 0.721462 , 0.26 , 0.071
fvfA3Rc8rKS5GUNIdBhniB9dKzXRTHzj , 2 , 195.130.124.2 , 0.655718 , -1 , 0.072
Friends , 2 , 195.130.124.2 , 0.77846 , 0.2 , 0.08
MkLS8TcLjGI3484W8I5wttQSEolMT7JF , 2 , 195.130.124.2 , 0.606978 , -1 , 0.061
Tracy McGrady , 2 , 195.130.124.2 , 0.815207 , 0.2 , 0.063
ExC252jhgg3mJo6znHeHaDRScmRDaUPj , 2 , 195.130.124.2 , 0.601847 , -1 , 0.082
Washington Post , 2 , 195.130.124.2 , 0.66528 , 0.16 , 0.078
6obA9IEhSumeMP3mWRz99vdJnJBkcYuz , 2 , 195.130.124.2 , 0.643617 , -1 , 0.068
Pat Summerall , 3 , 195.130.124.2 , 0.777722 , 0.19 , 0.071
JKmwl8oGf7ROv27n5D5e0ozKSqsblAGU , 3 , 195.130.124.2 , 0.647978 , -1 , 0.077
ricin , 3 , 195.130.124.2 , 0.593825 , 0.09 , 0.074
HH1C0fsf5MvllWQdFEdfwSTUugReCVvE , 3 , 195.130.124.2 , 0.616758 , -1 , 0.091
American Airlines , 3 , 195.130.124.2 , 0.637105 , 0.16 , 0.074
k4GCkMtIcPqjt4RI07azsD7fWxT2hc7Z , 3 , 195.130.124.2 , 0.637547 , -1 , 0.09
Huffington Post , 3 , 195.130.124.2 , 0.691564 , 0.13 , 0.083
aNZ6y6yW4BnNxMnxwhn4KBRaZiPrDY2B , 3 , 195.130.124.2 , 0.6387 , -1 , 0.068
Krystle Campbell , 3 , 195.130.124.2 , 0.762588 , 0.15 , 0.07
p54SsgNvg1L0tOkxtaSWl824ppJe4oDa , 3 , 84.206.109.1 , 0.662296 , -1 , -1 ,
Girls Love Beyonce , 3 , 195.130.124.2 , 0.670544 , 0.14 , 0.074
LlzGr0lIw8obuctbDPr2qWhMB7IgxxXx , 3 , 195.130.124.2 , 0.647467 , -1 , 0.08
Carlos Arredondo , 3 , 195.130.124.2 , 0.655249 , 0.13 , 0.083
fvfA3Rc8rKS5GUNIdBhniB9dKzXRTHzj , 3 , 195.130.124.2 , 0.635076 , -1 , 0.099
Friends , 3 , 195.130.124.2 , 0.7292 , 0.15 , 0.089
MkLS8TcLjGI3484W8I5wttQSEolMT7JF , 3 , 195.130.124.2 , 0.677367 , -1 , 0.087
Tracy McGrady , 3 , 195.130.124.2 , 0.854869 , 0.13 , 0.07
ExC252jhgg3mJo6znHeHaDRScmRDaUPj , 3 , 195.130.124.2 , 0.650706 , -1 , 0.076
Washington Post , 3 , 195.130.124.2 , 0.660046 , 0.14 , 0.07
6obA9IEhSumeMP3mWRz99vdJnJBkcYuz , 3 , 195.130.124.2 , 0.669176 , -1 , 0.093
Pat Summerall , 4 , 195.130.124.2 , 0.773314 , 0.15 , 0.071
JKmwl8oGf7ROv27n5D5e0ozKSqsblAGU , 4 , 195.130.124.2 , 0.613346 , -1 , 0.08
ricin , 4 , 195.130.124.2 , 0.650106 , 0.15 , 0.066
HH1C0fsf5MvllWQdFEdfwSTUugReCVvE , 4 , 195.130.124.2 , 0.628552 , -1 , 0.088
American Airlines , 4 , 195.130.124.2 , 0.658172 , 0.12 , 0.057
k4GCkMtIcPqjt4RI07azsD7fWxT2hc7Z , 4 , 195.130.124.2 , 0.677108 , -1 , 0.08
Huffington Post , 4 , 195.130.124.2 , 0.676215 , 0.12 , 0.07
aNZ6y6yW4BnNxMnxwhn4KBRaZiPrDY2B , 4 , 195.130.124.2 , 0.612704 , -1 , 0.062
Krystle Campbell , 4 , 195.130.124.2 , 0.771595 , 0.13 , 0.082
p54SsgNvg1L0tOkxtaSWl824ppJe4oDa , 4 , 195.130.124.2 , 0.595039 , -1 , 0.081
Girls Love Beyonce , 4 , 195.130.124.2 , 0.646789 , 0.13 , 0.08
LlzGr0lIw8obuctbDPr2qWhMB7IgxxXx , 4 , 195.130.124.2 , 0.55015 , -1 , 0.085
Carlos Arredondo , 4 , 195.130.124.2 , 0.610437 , 0.17 , 0.081
fvfA3Rc8rKS5GUNIdBhniB9dKzXRTHzj , 4 , 195.130.124.2 , 0.543295 , -1 , 0.069
Friends , 4 , 195.130.124.2 , 0.778546 , 0.15 , 0.075
MkLS8TcLjGI3484W8I5wttQSEolMT7JF , 4 , 195.130.124.2 , 0.624356 , -1 , 0.092
Tracy McGrady , 4 , 195.130.124.2 , 0.756341 , 0.13 , 0.058
ExC252jhgg3mJo6znHeHaDRScmRDaUPj , 4 , 195.130.124.2 , 0.63164 , -1 , 0.061
Washington Post , 4 , 212.39.93.166 , 0.643281 , 0.17 , 87.8
6obA9IEhSumeMP3mWRz99vdJnJBkcYuz , 4 , 195.130.124.2 , 0.570025 , -1 , 0.076
Pat Summerall , 5 , 212.39.93.166 , 0.747546 , 0.16 , 87.8
JKmwl8oGf7ROv27n5D5e0ozKSqsblAGU , 5 , 195.130.124.2 , 0.635711 , -1 , 0.08
ricin , 5 , 195.130.124.2 , 0.575752 , 0.13 , 0.081
HH1C0fsf5MvllWQdFEdfwSTUugReCVvE , 5 , 195.130.124.2 , 0.657811 , -1 , 0.08
American Airlines , 5 , 195.130.124.2 , 0.70015 , 0.17 , 0.084
k4GCkMtIcPqjt4RI07azsD7fWxT2hc7Z , 5 , 195.130.124.2 , 0.629618 , -1 , 0.084
Huffington Post , 5 , 195.130.124.2 , 0.586305 , 0.16 , 0.084
aNZ6y6yW4BnNxMnxwhn4KBRaZiPrDY2B , 5 , 192.221.144.25 , 0.632149 , -1 , -1 ,
Krystle Campbell , 5 , 195.130.124.2 , 0.698346 , 0.12 , 0.061
p54SsgNvg1L0tOkxtaSWl824ppJe4oDa , 5 , 195.130.124.2 , 0.632162 , -1 , 0.083
Girls Love Beyonce , 5 , 195.130.124.2 , 0.683243 , 0.13 , 0.081
LlzGr0lIw8obuctbDPr2qWhMB7IgxxXx , 5 , 195.130.124.2 , 0.604041 , -1 , 0.046
Carlos Arredondo , 5 , 195.130.124.2 , 0.699021 , 0.11 , 0.085
fvfA3Rc8rKS5GUNIdBhniB9dKzXRTHzj , 5 , 176.10.63.3 , 0.613963 , -1 , 57.3
Friends , 5 , 195.130.124.2 , 0.786461 , 0.18 , 0.077
MkLS8TcLjGI3484W8I5wttQSEolMT7JF , 5 , 176.74.9.1 , 0.680541 , -1 , -1 ,
Tracy McGrady , 5 , 195.130.124.2 , 0.712013 , 0.12 , 0.073
ExC252jhgg3mJo6znHeHaDRScmRDaUPj , 5 , 195.130.124.2 , 0.558097 , -1 , 0.094
Washington Post , 5 , 195.130.124.2 , 0.680594 , 0.15 , 0.083
6obA9IEhSumeMP3mWRz99vdJnJBkcYuz , 5 , 195.130.124.2 , 0.566189 , -1 , 0.06
Pat Summerall , 6 , 195.130.124.2 , 0.746554 , 0.17 , 0.084
JKmwl8oGf7ROv27n5D5e0ozKSqsblAGU , 6 , 193.231.169.3 , 0.66612 , -1 , 77.7
ricin , 6 , 195.130.124.2 , 0.65754 , 0.17 , 0.08
HH1C0fsf5MvllWQdFEdfwSTUugReCVvE , 6 , 195.130.124.2 , 0.590878 , -1 , 0.086
American Airlines , 6 , 195.130.124.2 , 0.663799 , 0.17 , 0.077
k4GCkMtIcPqjt4RI07azsD7fWxT2hc7Z , 6 , 74.125.189.16 , 0.699469 , -1 , 55.5
Huffington Post , 6 , 195.130.124.2 , 0.630984 , 0.17 , 0.087
aNZ6y6yW4BnNxMnxwhn4KBRaZiPrDY2B , 6 , 195.170.2.1 , 0.611296 , -1 , 8.74
Krystle Campbell , 6 , 193.108.170.1 , 0.791881 , 0.16 , 86.6
p54SsgNvg1L0tOkxtaSWl824ppJe4oDa , 6 , 83.242.140.10 , 0.604185 , -1 , -1 ,
Girls Love Beyonce , 6 , 195.130.124.2 , 0.635387 , 0.17 , 0.087
LlzGr0lIw8obuctbDPr2qWhMB7IgxxXx , 6 , 195.130.124.2 , 0.619535 , -1 , 0.083
Carlos Arredondo , 6 , 195.130.124.2 , 0.651141 , 0.16 , 0.058
fvfA3Rc8rKS5GUNIdBhniB9dKzXRTHzj , 6 , 195.130.124.2 , 0.597645 , -1 , 0.074
Friends , 6 , 195.130.124.2 , 0.834096 , 0.24 , 0.071
MkLS8TcLjGI3484W8I5wttQSEolMT7JF , 6 , 195.130.124.2 , 0.657262 , -1 , 0.06
Tracy McGrady , 6 , 91.207.164.16 , 0.774661 , 0.23 , -1 ,
ExC252jhgg3mJo6znHeHaDRScmRDaUPj , 6 , 173.194.98.18 , 0.740161 , -1 , 90.2
Washington Post , 6 , 195.130.124.2 , 0.648552 , 0.12 , 0.087
6obA9IEhSumeMP3mWRz99vdJnJBkcYuz , 6 , 195.130.124.2 , 0.576238 , -1 , 0.065
Pat Summerall , 7 , 195.130.124.2 , 0.781399 , 0.19 , 0.068
JKmwl8oGf7ROv27n5D5e0ozKSqsblAGU , 7 , 195.130.124.2 , 0.635926 , -1 , 0.061
ricin , 7 , 195.130.124.2 , 0.642325 , 0.15 , 0.071
HH1C0fsf5MvllWQdFEdfwSTUugReCVvE , 7 , 195.130.124.2 , 0.602309 , -1 , 0.083
American Airlines , 7 , 195.130.124.2 , 0.634311 , 0.16 , 0.071
k4GCkMtIcPqjt4RI07azsD7fWxT2hc7Z , 7 , 208.69.33.17 , 0.608243 , -1 , 48.2
Huffington Post , 7 , 195.130.124.2 , 0.703773 , 0.16 , 0.086
aNZ6y6yW4BnNxMnxwhn4KBRaZiPrDY2B , 7 , 195.130.124.2 , 0.701822 , -1 , 0.09
Krystle Campbell , 7 , 210.23.129.34 , 0.733172 , 0.17 , -1 ,
p54SsgNvg1L0tOkxtaSWl824ppJe4oDa , 7 , 195.130.124.2 , 0.642469 , -1 , 0.064
Girls Love Beyonce , 7 , 195.130.124.2 , 0.637343 , 0.21 , 0.081
LlzGr0lIw8obuctbDPr2qWhMB7IgxxXx , 7 , 195.130.124.2 , 0.608054 , -1 , 0.073
Carlos Arredondo , 7 , 195.130.124.2 , 0.66242 , 0.15 , 0.069
fvfA3Rc8rKS5GUNIdBhniB9dKzXRTHzj , 7 , 195.130.124.2 , 0.653926 , -1 , 0.075
Friends , 7 , 195.130.124.2 , 0.832832 , 0.18 , 0.084
MkLS8TcLjGI3484W8I5wttQSEolMT7JF , 7 , 195.130.124.2 , 0.603146 , -1 , 0.073
Tracy McGrady , 7 , 195.130.124.2 , 0.786663 , 0.19 , 0.08
ExC252jhgg3mJo6znHeHaDRScmRDaUPj , 7 , 195.130.124.2 , 0.638221 , -1 , 0.091
Washington Post , 7 , 195.130.124.2 , 0.650203 , 0.15 , 0.053
6obA9IEhSumeMP3mWRz99vdJnJBkcYuz , 7 , 195.130.124.2 , 0.59222 , -1 , 0.063
Pat Summerall , 8 , 195.130.124.2 , 0.720979 , 0.19 , 0.063
JKmwl8oGf7ROv27n5D5e0ozKSqsblAGU , 8 , None , 0.563738 , -1 , -1 ,
ricin , 8 , 195.130.124.2 , 0.607091 , 0.14 , 0.095
HH1C0fsf5MvllWQdFEdfwSTUugReCVvE , 8 , 195.182.192.2 , 0.554536 , -1 , 85.1
American Airlines , 8 , 195.130.124.2 , 0.642663 , 0.26 , 0.068
k4GCkMtIcPqjt4RI07azsD7fWxT2hc7Z , 8 , 195.130.124.2 , 0.629745 , -1 , 0.061
Huffington Post , 8 , 195.130.124.2 , 0.628719 , 0.15 , 0.067
aNZ6y6yW4BnNxMnxwhn4KBRaZiPrDY2B , 8 , 195.130.124.2 , 0.57388 , -1 , 0.075
Krystle Campbell , 8 , 195.130.124.2 , 0.700221 , 0.17 , 0.081
p54SsgNvg1L0tOkxtaSWl824ppJe4oDa , 8 , 195.130.124.2 , 0.631648 , -1 , 0.085
Girls Love Beyonce , 8 , 195.130.124.2 , 0.62978 , 0.21 , 0.084
LlzGr0lIw8obuctbDPr2qWhMB7IgxxXx , 8 , 195.130.124.2 , 0.62372 , -1 , 0.075
Carlos Arredondo , 8 , 195.130.124.2 , 0.778395 , 0.21 , 0.075
fvfA3Rc8rKS5GUNIdBhniB9dKzXRTHzj , 8 , 195.130.124.2 , 0.578032 , -1 , 0.073
Friends , 8 , 195.130.124.2 , 0.790901 , 0.19 , 0.083
MkLS8TcLjGI3484W8I5wttQSEolMT7JF , 8 , 195.130.124.2 , 0.651304 , -1 , 0.067
Tracy McGrady , 8 , 195.130.124.2 , 0.803651 , 0.19 , 0.068
ExC252jhgg3mJo6znHeHaDRScmRDaUPj , 8 , 195.130.124.2 , 0.597055 , -1 , 0.063
Washington Post , 8 , 195.130.124.2 , 0.631152 , 0.14 , 0.078
6obA9IEhSumeMP3mWRz99vdJnJBkcYuz , 8 , 195.130.124.2 , 0.628055 , -1 , 0.079
Pat Summerall , 9 , 195.130.124.2 , 0.654839 , 0.17 , 0.084
JKmwl8oGf7ROv27n5D5e0ozKSqsblAGU , 9 , 62.77.203.10 , 0.65023 , -1 , -1 ,
ricin , 9 , 195.130.124.2 , 0.619576 , 0.15 , 0.056
HH1C0fsf5MvllWQdFEdfwSTUugReCVvE , 9 , 203.14.6.86 , 0.644651 , -1 , -1 ,
American Airlines , 9 , None , 0.614674 , 0.18 , -1 ,
k4GCkMtIcPqjt4RI07azsD7fWxT2hc7Z , 9 , 195.130.124.2 , 0.575103 , -1 , 0.072
Huffington Post , 9 , 195.130.124.2 , 0.62331 , 0.16 , 0.074
aNZ6y6yW4BnNxMnxwhn4KBRaZiPrDY2B , 9 , 195.130.124.2 , 0.678381 , -1 , 0.063
Krystle Campbell , 9 , 195.130.124.2 , 0.616496 , 0.2 , 0.083
p54SsgNvg1L0tOkxtaSWl824ppJe4oDa , 9 , 195.130.124.2 , 0.591462 , -1 , 0.054
Girls Love Beyonce , 9 , 195.130.124.2 , 0.597403 , 0.18 , 0.071
LlzGr0lIw8obuctbDPr2qWhMB7IgxxXx , 9 , 195.130.124.2 , 0.587048 , -1 , 0.092
Carlos Arredondo , 9 , 213.140.2.21 , 0.63624 , 0.16 , 53.1
fvfA3Rc8rKS5GUNIdBhniB9dKzXRTHzj , 9 , 195.130.124.2 , 0.662602 , -1 , 0.083
Friends , 9 , 193.151.29.205 , 0.779943 , 0.21 , 85.9
MkLS8TcLjGI3484W8I5wttQSEolMT7JF , 9 , 195.130.124.2 , 0.603515 , -1 , 0.08
Tracy McGrady , 9 , 195.130.124.2 , 0.713585 , 0.32 , 0.058
ExC252jhgg3mJo6znHeHaDRScmRDaUPj , 9 , 195.130.124.2 , 0.604796 , -1 , 0.08
Washington Post , 9 , 195.130.124.2 , 0.725161 , 0.2 , 0.076
6obA9IEhSumeMP3mWRz99vdJnJBkcYuz , 9 , 195.130.124.2 , 0.645523 , -1 , 0.06
Pat Summerall , 0 , 195.130.124.2 , 0.77268 , 0.25 , 0.068
k2FCJ9hNSonyyqHCvQk1Q8wYGUw1B7l3 , 0 , 195.130.124.2 , 0.732245 , -1 , 0.066
ricin , 0 , 195.130.124.2 , 0.667682 , 0.11 , 0.078
09pxWq69OFnKnYcQKO5oODL1g5RNM2Sb , 0 , 195.130.124.2 , 0.642994 , -1 , 0.067
American Airlines , 0 , 195.130.124.2 , 0.717525 , 0.13 , 0.061
6WqJH0BegoPRxybS0FG3HRnvT8WChEMJ , 0 , 195.130.124.2 , 0.675198 , -1 , 0.064
Krystle Campbell , 0 , 195.130.124.2 , 0.710866 , 0.16 , 0.07
Q0tuaM9EptoI0f9IzKa4WtLOku3SSGUY , 0 , 195.130.124.2 , 0.647944 , -1 , 0.063
Girls Love Beyonce , 0 , 80.90.64.38 , 0.641958 , 0.17 , 91.0
IRxgwEldSueFmYstf4F1CloCUaiDh6F2 , 0 , 195.130.124.2 , 0.636223 , -1 , 0.084
Carlos Arredondo , 0 , 195.130.124.2 , 0.66827 , 0.15 , 0.07
dWwgIqDQr2lllpIdJhTaqfIq9uwQADJF , 0 , 195.130.124.2 , 0.640205 , -1 , 0.064
Tracy McGrady , 0 , 195.130.124.2 , 0.816704 , 0.21 , 0.06
WR21VnuE5hMtHQ0xP4ROCIh9932DoNvA , 0 , 195.130.124.2 , 0.631168 , -1 , 0.072
Washington Post , 0 , 195.130.124.2 , 0.717763 , 0.19 , 0.078
UOqB29Do8klId8HB1GBhHgUmnS7Gbx5X , 0 , 195.130.124.2 , 0.645997 , -1 , 0.084
Outside Lands , 0 , 195.130.124.2 , 0.679768 , 0.11 , 0.053
ESkgLIlrHPPcVtd8ZNuttNuz8S84ZrBF , 0 , 195.130.124.2 , 0.550319 , -1 , 0.061
Patton Oswalt , 0 , 195.130.124.2 , 0.810916 , 0.17 , 0.069
SeWIZW5ZPJFFc3ptn0PP5q7mSFtZXJeq , 0 , 195.130.124.2 , 0.630388 , -1 , 0.056
Pat Summerall , 1 , 195.130.124.2 , 0.70722 , 0.13 , 0.079
k2FCJ9hNSonyyqHCvQk1Q8wYGUw1B7l3 , 1 , 195.130.124.2 , 0.587899 , -1 , 0.061
ricin , 1 , 195.130.124.2 , 0.623086 , 0.13 , 0.069
09pxWq69OFnKnYcQKO5oODL1g5RNM2Sb , 1 , 195.130.124.2 , 0.624163 , -1 , 0.082
American Airlines , 1 , 195.130.124.2 , 0.720117 , 0.12 , 0.077
6WqJH0BegoPRxybS0FG3HRnvT8WChEMJ , 1 , 91.147.191.226 , 0.667258 , -1 , -1 ,
Krystle Campbell , 1 , 195.130.124.2 , 0.715749 , 0.12 , 0.085
Q0tuaM9EptoI0f9IzKa4WtLOku3SSGUY , 1 , 195.130.124.2 , 0.601288 , -1 , 0.053
Girls Love Beyonce , 1 , 195.130.124.2 , 0.666667 , 0.16 , 0.059
IRxgwEldSueFmYstf4F1CloCUaiDh6F2 , 1 , 195.130.124.2 , 0.620905 , -1 , 0.079
Carlos Arredondo , 1 , 195.130.124.2 , 0.701209 , 0.13 , 0.067
dWwgIqDQr2lllpIdJhTaqfIq9uwQADJF , 1 , 195.130.124.2 , 0.651889 , -1 , 0.083
Tracy McGrady , 1 , 195.130.124.2 , 0.774315 , 0.15 , 0.085
WR21VnuE5hMtHQ0xP4ROCIh9932DoNvA , 1 , 195.130.124.2 , 0.625785 , -1 , 0.066
Washington Post , 1 , 193.232.219.10 , 0.624005 , 0.13 , -1 ,
UOqB29Do8klId8HB1GBhHgUmnS7Gbx5X , 1 , 195.130.124.2 , 0.647454 , -1 , 0.088
Outside Lands , 1 , 192.221.144.193 , 0.689695 , 0.14 , -1 ,
ESkgLIlrHPPcVtd8ZNuttNuz8S84ZrBF , 1 , 195.130.124.2 , 0.647803 , -1 , 0.07
Patton Oswalt , 1 , 213.145.129.19 , 0.776607 , 0.17 , -1 ,
SeWIZW5ZPJFFc3ptn0PP5q7mSFtZXJeq , 1 , 195.130.124.2 , 0.643542 , -1 , 0.081
Pat Summerall , 2 , 217.218.155.109 , 0.792875 , 0.18 , -1 ,
k2FCJ9hNSonyyqHCvQk1Q8wYGUw1B7l3 , 2 , 195.130.124.2 , 0.652831 , -1 , 0.082
ricin , 2 , 195.130.124.2 , 0.622201 , 0.15 , 0.058
09pxWq69OFnKnYcQKO5oODL1g5RNM2Sb , 2 , 192.221.146.231 , 0.718862 , -1 , -1 ,
American Airlines , 2 , 192.221.146.193 , 0.718346 , 0.15 , -1 ,
6WqJH0BegoPRxybS0FG3HRnvT8WChEMJ , 2 , 195.130.124.2 , 0.581426 , -1 , 0.066
Krystle Campbell , 2 , 195.130.124.2 , 0.679821 , 0.18 , 0.067
Q0tuaM9EptoI0f9IzKa4WtLOku3SSGUY , 2 , 195.130.124.2 , 0.645 , -1 , 0.073
Girls Love Beyonce , 2 , 195.130.124.2 , 0.617696 , 0.16 , 0.088
IRxgwEldSueFmYstf4F1CloCUaiDh6F2 , 2 , 195.130.124.2 , 0.63865 , -1 , 0.08
Carlos Arredondo , 2 , 195.130.124.2 , 0.675766 , 0.2 , 0.083
dWwgIqDQr2lllpIdJhTaqfIq9uwQADJF , 2 , 195.130.124.2 , 0.552345 , -1 , 0.086
Tracy McGrady , 2 , 195.130.124.2 , 0.704521 , 0.16 , 0.091
WR21VnuE5hMtHQ0xP4ROCIh9932DoNvA , 2 , 195.130.124.2 , 0.61895 , -1 , 0.078
Washington Post , 2 , 195.130.124.2 , 0.64289 , 0.13 , 0.066
UOqB29Do8klId8HB1GBhHgUmnS7Gbx5X , 2 , 195.130.124.2 , 0.634036 , -1 , 0.07
Outside Lands , 2 , 203.62.252.106 , 0.667082 , 0.11 , -1 ,
ESkgLIlrHPPcVtd8ZNuttNuz8S84ZrBF , 2 , 195.130.124.2 , 0.646961 , -1 , 0.071
Patton Oswalt , 2 , 195.130.124.2 , 0.800046 , 0.18 , 0.078
SeWIZW5ZPJFFc3ptn0PP5q7mSFtZXJeq , 2 , 195.130.124.2 , 0.60269 , -1 , 0.068
Pat Summerall , 3 , 195.130.124.2 , 0.676336 , 0.19 , 0.061
k2FCJ9hNSonyyqHCvQk1Q8wYGUw1B7l3 , 3 , 195.130.124.2 , 0.608422 , -1 , 0.059
ricin , 3 , 195.130.124.2 , 0.619305 , 0.11 , 0.086
09pxWq69OFnKnYcQKO5oODL1g5RNM2Sb , 3 , 195.130.124.2 , 0.632211 , -1 , 0.078
American Airlines , 3 , 195.130.124.2 , 0.644905 , 0.13 , 0.068
6WqJH0BegoPRxybS0FG3HRnvT8WChEMJ , 3 , 195.28.162.2 , 0.636231 , -1 , 83.3
Krystle Campbell , 3 , 195.130.124.2 , 0.789687 , 0.12 , 0.079
Q0tuaM9EptoI0f9IzKa4WtLOku3SSGUY , 3 , None , 0.659696 , -1 , -1 ,
Girls Love Beyonce , 3 , 195.130.124.2 , 0.688242 , 0.13 , 0.078
IRxgwEldSueFmYstf4F1CloCUaiDh6F2 , 3 , 195.130.124.2 , 0.597217 , -1 , 0.058
Carlos Arredondo , 3 , 195.130.124.2 , 0.690783 , 0.17 , 0.08
dWwgIqDQr2lllpIdJhTaqfIq9uwQADJF , 3 , 195.130.124.2 , 0.554214 , -1 , 0.057
Tracy McGrady , 3 , 195.130.124.2 , 0.70682 , 0.16 , 0.102
WR21VnuE5hMtHQ0xP4ROCIh9932DoNvA , 3 , 195.130.124.2 , 0.612307 , -1 , 0.076
Washington Post , 3 , 195.130.124.2 , 0.681232 , 0.17 , 0.055
UOqB29Do8klId8HB1GBhHgUmnS7Gbx5X , 3 , 195.130.124.2 , 0.715248 , -1 , 0.064
Outside Lands , 3 , 195.130.124.2 , 0.640893 , 0.27 , 0.068
ESkgLIlrHPPcVtd8ZNuttNuz8S84ZrBF , 3 , 144.122.144.171 , 0.80956 , -1 , -1 ,
Patton Oswalt , 3 , 195.130.124.2 , 0.781721 , 0.21 , 0.077
SeWIZW5ZPJFFc3ptn0PP5q7mSFtZXJeq , 3 , 195.130.124.2 , 0.550679 , -1 , 0.085
Pat Summerall , 4 , 195.130.124.2 , 0.753882 , 0.15 , 0.059
k2FCJ9hNSonyyqHCvQk1Q8wYGUw1B7l3 , 4 , 195.130.124.2 , 0.645533 , -1 , 0.076
ricin , 4 , 195.130.124.2 , 0.716787 , 0.09 , 0.068
09pxWq69OFnKnYcQKO5oODL1g5RNM2Sb , 4 , 195.130.124.2 , 0.643187 , -1 , 0.069
American Airlines , 4 , 195.130.124.2 , 0.622488 , 0.16 , 0.086
6WqJH0BegoPRxybS0FG3HRnvT8WChEMJ , 4 , 195.130.124.2 , 0.642385 , -1 , 0.066
Krystle Campbell , 4 , 195.130.124.2 , 0.726322 , 0.12 , 0.06
Q0tuaM9EptoI0f9IzKa4WtLOku3SSGUY , 4 , 195.130.124.2 , 0.674399 , -1 , 0.064
Girls Love Beyonce , 4 , 195.130.124.2 , 0.699126 , 0.13 , 0.075
IRxgwEldSueFmYstf4F1CloCUaiDh6F2 , 4 , 195.130.124.2 , 0.704898 , -1 , 0.086
Carlos Arredondo , 4 , 195.130.124.2 , 0.736919 , 0.17 , 0.064
dWwgIqDQr2lllpIdJhTaqfIq9uwQADJF , 4 , 195.130.124.2 , 0.669548 , -1 , 0.063
Tracy McGrady , 4 , 195.130.124.2 , 0.757388 , 0.16 , 0.062
WR21VnuE5hMtHQ0xP4ROCIh9932DoNvA , 4 , 195.130.124.2 , 0.648464 , -1 , 0.067
Washington Post , 4 , 195.130.124.2 , 0.596869 , 0.12 , 0.052
UOqB29Do8klId8HB1GBhHgUmnS7Gbx5X , 4 , 195.130.124.2 , 0.564845 , -1 , 0.079
Outside Lands , 4 , 195.130.124.2 , 0.592848 , 0.13 , 0.075
ESkgLIlrHPPcVtd8ZNuttNuz8S84ZrBF , 4 , 195.130.124.2 , 0.632621 , -1 , 0.082
Patton Oswalt , 4 , 195.130.124.2 , 0.839254 , 0.17 , 0.071
SeWIZW5ZPJFFc3ptn0PP5q7mSFtZXJeq , 4 , 213.158.82.18 , 0.600258 , -1 , -1 ,
Pat Summerall , 5 , 195.130.124.2 , 0.678019 , 0.15 , 0.084
k2FCJ9hNSonyyqHCvQk1Q8wYGUw1B7l3 , 5 , 195.130.124.2 , 0.672198 , -1 , 0.06
ricin , 5 , 89.22.208.2 , 0.721021 , 0.16 , 75.2
09pxWq69OFnKnYcQKO5oODL1g5RNM2Sb , 5 , 195.130.124.2 , 0.695913 , -1 , 0.088
American Airlines , 5 , 195.130.124.2 , 0.652265 , 0.14 , 0.065
6WqJH0BegoPRxybS0FG3HRnvT8WChEMJ , 5 , 195.130.124.2 , 0.631312 , -1 , 0.079
Krystle Campbell , 5 , 74.125.189.18 , 0.737481 , 0.18 , 57.7
Q0tuaM9EptoI0f9IzKa4WtLOku3SSGUY , 5 , 195.130.124.2 , 0.650252 , -1 , 0.068
Girls Love Beyonce , 5 , 213.163.34.66 , 0.80907 , 0.13 , -1 ,
IRxgwEldSueFmYstf4F1CloCUaiDh6F2 , 5 , 195.130.124.2 , 0.655543 , -1 , 0.065
Carlos Arredondo , 5 , 195.130.124.2 , 0.663612 , 0.15 , 0.077
dWwgIqDQr2lllpIdJhTaqfIq9uwQADJF , 5 , 195.130.124.2 , 0.651038 , -1 , 0.055
Tracy McGrady , 5 , 192.221.163.214 , 0.684247 , 0.14 , -1 ,
WR21VnuE5hMtHQ0xP4ROCIh9932DoNvA , 5 , 195.130.124.2 , 0.646312 , -1 , 0.062
Washington Post , 5 , 195.130.124.2 , 0.684252 , 0.15 , 0.076
UOqB29Do8klId8HB1GBhHgUmnS7Gbx5X , 5 , 82.76.252.14 , 0.573905 , -1 , -1 ,
Outside Lands , 5 , 195.130.124.2 , 0.654558 , 0.13 , 0.065
ESkgLIlrHPPcVtd8ZNuttNuz8S84ZrBF , 5 , 195.130.124.2 , 0.66207 , -1 , 0.063
Patton Oswalt , 5 , 195.130.124.2 , 0.867114 , 0.19 , 0.092
SeWIZW5ZPJFFc3ptn0PP5q7mSFtZXJeq , 5 , 195.130.124.2 , 0.638932 , -1 , 0.08
Pat Summerall , 6 , 195.130.124.2 , 0.737438 , 0.2 , 0.07
k2FCJ9hNSonyyqHCvQk1Q8wYGUw1B7l3 , 6 , 195.130.124.2 , 0.60426 , -1 , 0.072
ricin , 6 , 165.254.21.175 , 0.669997 , 0.2 , -1 ,
09pxWq69OFnKnYcQKO5oODL1g5RNM2Sb , 6 , 195.130.124.2 , 0.581487 , -1 , 0.067
American Airlines , 6 , 147.91.1.5 , 0.683467 , 0.15 , 51.0
6WqJH0BegoPRxybS0FG3HRnvT8WChEMJ , 6 , 91.211.16.1 , 0.617141 , -1 , 66.6
Krystle Campbell , 6 , 195.130.124.2 , 0.703341 , 0.22 , 0.057
Q0tuaM9EptoI0f9IzKa4WtLOku3SSGUY , 6 , 195.130.124.2 , 0.627228 , -1 , 0.073
Girls Love Beyonce , 6 , 195.130.124.2 , 0.657152 , 0.15 , 0.091
IRxgwEldSueFmYstf4F1CloCUaiDh6F2 , 6 , 195.130.124.2 , 0.537644 , -1 , 0.084
Carlos Arredondo , 6 , 213.163.34.66 , 0.705622 , 0.17 , -1 ,
dWwgIqDQr2lllpIdJhTaqfIq9uwQADJF , 6 , 217.218.127.91 , 0.681128 , -1 , -1 ,
Tracy McGrady , 6 , 195.130.124.2 , 0.704801 , 0.16 , 0.073
WR21VnuE5hMtHQ0xP4ROCIh9932DoNvA , 6 , 195.130.124.2 , 0.636349 , -1 , 0.064
Washington Post , 6 , 195.130.124.2 , 0.634472 , 0.15 , 0.072
UOqB29Do8klId8HB1GBhHgUmnS7Gbx5X , 6 , 195.130.124.2 , 0.528469 , -1 , 0.058
Outside Lands , 6 , 74.125.189.22 , 0.625516 , 0.1 , 53.3
ESkgLIlrHPPcVtd8ZNuttNuz8S84ZrBF , 6 , 195.130.124.2 , 0.632631 , -1 , 0.073
Patton Oswalt , 6 , 195.130.124.2 , 0.74224 , 0.2 , 0.068
SeWIZW5ZPJFFc3ptn0PP5q7mSFtZXJeq , 6 , 195.130.124.2 , 0.627212 , -1 , 0.055
Pat Summerall , 7 , 195.130.124.2 , 0.706463 , 0.15 , 0.055
k2FCJ9hNSonyyqHCvQk1Q8wYGUw1B7l3 , 7 , 195.130.124.2 , 0.631002 , -1 , 0.074
ricin , 7 , 195.130.124.2 , 0.648393 , 0.1 , 0.063
09pxWq69OFnKnYcQKO5oODL1g5RNM2Sb , 7 , 195.130.124.2 , 0.649888 , -1 , 0.089
American Airlines , 7 , 195.130.124.2 , 0.606506 , 0.18 , 0.088
6WqJH0BegoPRxybS0FG3HRnvT8WChEMJ , 7 , 74.125.189.20 , 0.625084 , -1 , 55.6
Krystle Campbell , 7 , 195.130.124.2 , 0.731683 , 0.16 , 0.089
Q0tuaM9EptoI0f9IzKa4WtLOku3SSGUY , 7 , 195.130.124.2 , 0.590622 , -1 , 0.073
Girls Love Beyonce , 7 , 195.130.124.2 , 0.664815 , 0.19 , 0.059
IRxgwEldSueFmYstf4F1CloCUaiDh6F2 , 7 , 195.130.124.2 , 0.599328 , -1 , 0.087
Carlos Arredondo , 7 , 195.170.0.112 , 0.750173 , 0.13 , 8.56
dWwgIqDQr2lllpIdJhTaqfIq9uwQADJF , 7 , 195.130.124.2 , 0.635664 , -1 , 0.069
Tracy McGrady , 7 , 195.130.124.2 , 0.729962 , 0.21 , 0.065
WR21VnuE5hMtHQ0xP4ROCIh9932DoNvA , 7 , 195.130.124.2 , 0.568747 , -1 , 0.066
Washington Post , 7 , 195.130.124.2 , 0.681702 , 0.14 , 0.066
UOqB29Do8klId8HB1GBhHgUmnS7Gbx5X , 7 , 195.130.124.2 , 0.639534 , -1 , 0.073
Outside Lands , 7 , 195.130.124.2 , 0.648598 , 0.1 , 0.078
ESkgLIlrHPPcVtd8ZNuttNuz8S84ZrBF , 7 , 195.130.124.2 , 0.674727 , -1 , 0.072
Patton Oswalt , 7 , 195.130.124.2 , 0.740979 , 0.19 , 0.113
SeWIZW5ZPJFFc3ptn0PP5q7mSFtZXJeq , 7 , 91.210.176.21 , 0.575052 , -1 , 91.1
Pat Summerall , 8 , 195.130.124.2 , 0.724985 , 0.22 , 0.064
k2FCJ9hNSonyyqHCvQk1Q8wYGUw1B7l3 , 8 , 195.130.124.2 , 0.614239 , -1 , 0.078
ricin , 8 , 213.151.208.161 , 0.683314 , 0.1 , -1 ,
09pxWq69OFnKnYcQKO5oODL1g5RNM2Sb , 8 , 195.130.124.2 , 0.605128 , -1 , 0.077
American Airlines , 8 , 195.130.124.2 , 0.598152 , 0.18 , 0.06
6WqJH0BegoPRxybS0FG3HRnvT8WChEMJ , 8 , 195.130.124.2 , 0.580239 , -1 , 0.082
Krystle Campbell , 8 , 195.130.124.2 , 0.662022 , 0.17 , 0.073
Q0tuaM9EptoI0f9IzKa4WtLOku3SSGUY , 8 , 195.130.124.2 , 0.637973 , -1 , 0.068
Girls Love Beyonce , 8 , 82.113.193.4 , 0.716629 , 0.16 , 53.5
IRxgwEldSueFmYstf4F1CloCUaiDh6F2 , 8 , 195.130.124.2 , 0.628719 , -1 , 0.068
Carlos Arredondo , 8 , 178.21.120.66 , 0.697633 , 0.42 , 57.2
dWwgIqDQr2lllpIdJhTaqfIq9uwQADJF , 8 , 195.130.124.2 , 0.613685 , -1 , 0.066
Tracy McGrady , 8 , 195.130.124.2 , 0.763853 , 0.16 , 0.061
WR21VnuE5hMtHQ0xP4ROCIh9932DoNvA , 8 , 195.130.124.2 , 0.561367 , -1 , 0.068
Washington Post , 8 , 195.130.124.2 , 0.640199 , 0.14 , 0.08
UOqB29Do8klId8HB1GBhHgUmnS7Gbx5X , 8 , 195.130.124.2 , 0.566124 , -1 , 0.085
Outside Lands , 8 , 195.130.124.2 , 0.623994 , 0.1 , 0.087
ESkgLIlrHPPcVtd8ZNuttNuz8S84ZrBF , 8 , 195.130.124.2 , 0.636946 , -1 , 0.068
Patton Oswalt , 8 , 195.130.124.2 , 0.775086 , 0.31 , 0.079
SeWIZW5ZPJFFc3ptn0PP5q7mSFtZXJeq , 8 , 195.130.124.2 , 0.618775 , -1 , 0.089
Pat Summerall , 9 , 195.130.124.2 , 0.735594 , 0.2 , 0.073
k2FCJ9hNSonyyqHCvQk1Q8wYGUw1B7l3 , 9 , 195.130.124.2 , 0.638073 , -1 , 0.067
ricin , 9 , 195.130.124.2 , 0.615515 , 0.13 , 0.072
09pxWq69OFnKnYcQKO5oODL1g5RNM2Sb , 9 , 195.130.124.2 , 0.63211 , -1 , 0.06
American Airlines , 9 , 195.130.124.2 , 0.619183 , 0.14 , 0.068
6WqJH0BegoPRxybS0FG3HRnvT8WChEMJ , 9 , 195.130.124.2 , 0.624078 , -1 , 0.07
Krystle Campbell , 9 , 195.130.124.2 , 0.83345 , 0.16 , 0.071
Q0tuaM9EptoI0f9IzKa4WtLOku3SSGUY , 9 , 195.130.124.2 , 0.684114 , -1 , 0.072
Girls Love Beyonce , 9 , 195.130.124.2 , 0.7091 , 0.22 , 0.074
IRxgwEldSueFmYstf4F1CloCUaiDh6F2 , 9 , 195.130.124.2 , 0.684491 , -1 , 0.076
Carlos Arredondo , 9 , 202.139.1.197 , 0.641807 , 0.15 , -1 ,
dWwgIqDQr2lllpIdJhTaqfIq9uwQADJF , 9 , 195.130.124.2 , 0.64821 , -1 , 0.087
Tracy McGrady , 9 , 195.130.124.2 , 0.722968 , 0.17 , 0.056
WR21VnuE5hMtHQ0xP4ROCIh9932DoNvA , 9 , 195.130.124.2 , 0.623098 , -1 , 0.086
Washington Post , 9 , 195.130.124.2 , 0.635581 , 0.15 , 0.073
UOqB29Do8klId8HB1GBhHgUmnS7Gbx5X , 9 , 195.130.124.2 , 0.611435 , -1 , 0.07
Outside Lands , 9 , 195.130.124.2 , 0.722994 , 0.1 , 0.079
ESkgLIlrHPPcVtd8ZNuttNuz8S84ZrBF , 9 , 195.130.124.2 , 0.678605 , -1 , 0.085
Patton Oswalt , 9 , 195.130.124.2 , 0.801293 , 0.2 , 0.063
SeWIZW5ZPJFFc3ptn0PP5q7mSFtZXJeq , 9 , 195.130.124.2 , 0.614604 , -1 , 0.087
Amanda Bynes , 0 , 195.130.124.2 , 0.741545 , 0.18 , 0.098
ka90EXpdnNTpQYW9gzd6QLE2zk1k5JPs , 0 , 195.130.124.2 , 0.556643 , -1 , 0.094
Pat Summerall , 0 , 165.21.83.94 , 0.7765 , 0.16 , -1 ,
vMUJMdXyyKYkYYbnHfUzc9tDv9byOMjm , 0 , 195.130.124.2 , 0.608537 , -1 , 0.089
ricin , 0 , 195.130.124.2 , 0.668689 , 0.12 , 0.064
MITbC0cuiEWfasulgmKA3lIOudgbJbkH , 0 , 195.130.124.2 , 0.630093 , -1 , 0.071
American Airlines , 0 , 195.130.124.2 , 0.660127 , 0.12 , 0.058
U6oLJ5AI9DZ8CesdG7krztcvSfJzyUpb , 0 , 195.130.124.2 , 0.638775 , -1 , 0.056
Huffington Post , 0 , 195.130.124.2 , 0.727971 , 0.13 , 0.067
5q90fGLf3fJdadBjKc9xndOyrJtN6qvw , 0 , 208.69.33.13 , 0.633305 , -1 , 48.2
Krystle Campbell , 0 , 195.130.124.2 , 0.659482 , 0.16 , 0.074
6B3NcgD6iT95a0EisDYV5dSPjRLFnm0f , 0 , 195.130.124.2 , 0.604271 , -1 , 0.059
Girls Love Beyonce , 0 , 195.130.124.2 , 0.766995 , 0.15 , 0.075
dE48B45pdljXcpO5WWq70UPGL21vlQ8R , 0 , 80.91.160.2 , 0.710356 , -1 , 78.9
Carlos Arredondo , 0 , 195.130.124.2 , 0.794593 , 0.12 , 0.087
lf5d3JbgObEGVts6SyqjMiAlXKg0J3N3 , 0 , 195.130.124.2 , 0.62108 , -1 , 0.082
Friends , 0 , None , 0.767164 , 0.14 , -1 ,
Uu1YwIEmDIGcmuyobXIgIRxi7BcX9G5W , 0 , 195.130.124.2 , 0.753566 , -1 , 0.082
Tracy McGrady , 0 , 195.130.124.2 , 0.796614 , 0.16 , 0.064
284RFmjdTU5LHagBuyLVvueFNFwWjihj , 0 , 195.130.124.2 , 0.667917 , -1 , 0.071
Amanda Bynes , 1 , 217.118.86.23 , 0.856085 , 0.17 , -1 ,
ka90EXpdnNTpQYW9gzd6QLE2zk1k5JPs , 1 , 195.130.124.2 , 0.684977 , -1 , 0.07
Pat Summerall , 1 , 195.130.124.2 , 0.862773 , 0.13 , 0.086
vMUJMdXyyKYkYYbnHfUzc9tDv9byOMjm , 1 , 195.130.124.2 , 0.617046 , -1 , 0.065
ricin , 1 , 195.130.124.2 , 0.627908 , 0.09 , 0.084
MITbC0cuiEWfasulgmKA3lIOudgbJbkH , 1 , 195.130.124.2 , 0.650367 , -1 , 0.08
American Airlines , 1 , 195.130.124.2 , 0.636568 , 0.21 , 0.081
U6oLJ5AI9DZ8CesdG7krztcvSfJzyUpb , 1 , 195.130.124.2 , 0.61996 , -1 , 0.07
Huffington Post , 1 , 195.130.124.2 , 0.652106 , 0.15 , 0.065
5q90fGLf3fJdadBjKc9xndOyrJtN6qvw , 1 , 212.39.93.166 , 0.637151 , -1 , 87.7
Krystle Campbell , 1 , 195.130.124.2 , 0.689522 , 0.16 , 0.106
6B3NcgD6iT95a0EisDYV5dSPjRLFnm0f , 1 , 195.130.124.2 , 0.611001 , -1 , 0.066
Girls Love Beyonce , 1 , 196.12.157.132 , 0.679094 , 0.18 , -1 ,
dE48B45pdljXcpO5WWq70UPGL21vlQ8R , 1 , 195.130.124.2 , 0.704863 , -1 , 0.082
Carlos Arredondo , 1 , 195.130.124.2 , 0.640184 , 0.13 , 0.072
lf5d3JbgObEGVts6SyqjMiAlXKg0J3N3 , 1 , 195.130.124.2 , 0.659265 , -1 , 0.077
Friends , 1 , 217.156.87.1 , 0.809271 , 0.19 , -1 ,
Uu1YwIEmDIGcmuyobXIgIRxi7BcX9G5W , 1 , 217.218.127.91 , 0.632198 , -1 , -1 ,
Tracy McGrady , 1 , 208.69.33.17 , 0.692916 , 0.18 , 48.2
284RFmjdTU5LHagBuyLVvueFNFwWjihj , 1 , 195.130.124.2 , 0.65259 , -1 , 0.078
Amanda Bynes , 2 , 203.157.200.71 , 0.854808 , 0.2 , -1 ,
ka90EXpdnNTpQYW9gzd6QLE2zk1k5JPs , 2 , 195.130.124.2 , 0.637714 , -1 , 0.077
Pat Summerall , 2 , 195.130.124.2 , 0.923214 , 0.18 , 0.081
vMUJMdXyyKYkYYbnHfUzc9tDv9byOMjm , 2 , 195.130.124.2 , 0.631765 , -1 , 0.073
ricin , 2 , 195.130.124.2 , 0.679226 , 0.09 , 0.076
MITbC0cuiEWfasulgmKA3lIOudgbJbkH , 2 , 195.130.124.2 , 0.609027 , -1 , 0.08
American Airlines , 2 , 195.130.124.2 , 0.664995 , 0.12 , 0.091
U6oLJ5AI9DZ8CesdG7krztcvSfJzyUpb , 2 , 195.130.124.2 , 0.650471 , -1 , 0.076
Huffington Post , 2 , 195.130.124.2 , 0.618964 , 0.15 , 0.084
5q90fGLf3fJdadBjKc9xndOyrJtN6qvw , 2 , 195.130.124.2 , 0.573331 , -1 , 0.063
Krystle Campbell , 2 , 195.130.124.2 , 0.741949 , 0.19 , 0.06
6B3NcgD6iT95a0EisDYV5dSPjRLFnm0f , 2 , 195.130.124.2 , 0.617009 , -1 , 0.084
Girls Love Beyonce , 2 , 195.130.124.2 , 0.734499 , 0.15 , 0.08
dE48B45pdljXcpO5WWq70UPGL21vlQ8R , 2 , 195.130.124.2 , 0.671973 , -1 , 0.07
Carlos Arredondo , 2 , 195.130.124.2 , 0.721512 , 0.16 , 0.088
lf5d3JbgObEGVts6SyqjMiAlXKg0J3N3 , 2 , 195.130.124.2 , 0.740002 , -1 , 0.09
Friends , 2 , 195.130.124.2 , 0.789455 , 0.18 , 0.074
Uu1YwIEmDIGcmuyobXIgIRxi7BcX9G5W , 2 , 217.198.10.2 , 0.646879 , -1 , -1 ,
Tracy McGrady , 2 , 195.130.124.2 , 0.730538 , 0.16 , 0.066
284RFmjdTU5LHagBuyLVvueFNFwWjihj , 2 , 195.130.124.2 , 0.655099 , -1 , 0.061
Amanda Bynes , 3 , 195.130.124.2 , 0.827147 , 0.21 , 0.074
ka90EXpdnNTpQYW9gzd6QLE2zk1k5JPs , 3 , 193.125.98.3 , 0.658076 , -1 , 97.6
Pat Summerall , 3 , 195.130.124.2 , 0.6908 , 0.17 , 0.085
vMUJMdXyyKYkYYbnHfUzc9tDv9byOMjm , 3 , 195.130.124.2 , 0.623864 , -1 , 0.074
ricin , 3 , 195.130.124.2 , 0.627389 , 0.15 , 0.071
MITbC0cuiEWfasulgmKA3lIOudgbJbkH , 3 , 195.130.124.2 , 0.623833 , -1 , 0.063
American Airlines , 3 , 195.130.124.2 , 0.600841 , 0.15 , 0.071
U6oLJ5AI9DZ8CesdG7krztcvSfJzyUpb , 3 , 195.58.161.131 , 0.60554 , -1 , 65.4
Huffington Post , 3 , 195.130.124.2 , 0.695421 , 0.14 , 0.088
5q90fGLf3fJdadBjKc9xndOyrJtN6qvw , 3 , 193.125.98.3 , 0.598629 , -1 , 93.3
Krystle Campbell , 3 , 195.130.124.2 , 0.742271 , 0.14 , 0.066
6B3NcgD6iT95a0EisDYV5dSPjRLFnm0f , 3 , 195.130.124.2 , 0.626751 , -1 , 0.07
Girls Love Beyonce , 3 , 195.130.124.2 , 0.646651 , 0.13 , 0.081
dE48B45pdljXcpO5WWq70UPGL21vlQ8R , 3 , 195.130.124.2 , 0.624366 , -1 , 0.071
Carlos Arredondo , 3 , 193.125.99.1 , 0.648372 , 0.12 , -1 ,
lf5d3JbgObEGVts6SyqjMiAlXKg0J3N3 , 3 , 195.130.124.2 , 0.718544 , -1 , 0.073
Friends , 3 , 195.130.124.2 , 0.789129 , 0.16 , 0.076
Uu1YwIEmDIGcmuyobXIgIRxi7BcX9G5W , 3 , 195.130.124.2 , 0.614332 , -1 , 0.075
Tracy McGrady , 3 , 195.130.124.2 , 0.733443 , 0.19 , 0.07
284RFmjdTU5LHagBuyLVvueFNFwWjihj , 3 , 195.130.124.2 , 0.551067 , -1 , 0.072
Amanda Bynes , 4 , 195.130.124.2 , 0.757644 , 0.24 , 0.066
ka90EXpdnNTpQYW9gzd6QLE2zk1k5JPs , 4 , 208.69.33.17 , 0.677235 , -1 , 48.3
Pat Summerall , 4 , 194.90.32.2 , 0.805351 , 0.16 , -1 ,
vMUJMdXyyKYkYYbnHfUzc9tDv9byOMjm , 4 , 195.130.124.2 , 0.557898 , -1 , 0.072
ricin , 4 , 195.130.124.2 , 0.666442 , 0.1 , 0.093
MITbC0cuiEWfasulgmKA3lIOudgbJbkH , 4 , 195.130.124.2 , 0.695745 , -1 , 0.075
American Airlines , 4 , 195.130.124.2 , 0.664922 , 0.14 , 0.068
U6oLJ5AI9DZ8CesdG7krztcvSfJzyUpb , 4 , 195.130.124.2 , 0.588008 , -1 , 0.085
Huffington Post , 4 , 195.130.124.2 , 0.641934 , 0.13 , 0.065
5q90fGLf3fJdadBjKc9xndOyrJtN6qvw , 4 , 195.130.124.2 , 0.638874 , -1 , 0.08
Krystle Campbell , 4 , 195.130.124.2 , 0.810567 , 0.15 , 0.087
6B3NcgD6iT95a0EisDYV5dSPjRLFnm0f , 4 , 195.130.124.2 , 0.610952 , -1 , 0.065
Girls Love Beyonce , 4 , 195.130.124.2 , 0.746889 , 0.15 , 0.061
dE48B45pdljXcpO5WWq70UPGL21vlQ8R , 4 , 195.130.124.2 , 0.739968 , -1 , 0.073
Carlos Arredondo , 4 , 195.130.124.2 , 0.650172 , 0.13 , 0.069
lf5d3JbgObEGVts6SyqjMiAlXKg0J3N3 , 4 , 195.130.124.2 , 0.662438 , -1 , 0.069
Friends , 4 , 195.130.124.2 , 0.813993 , 0.23 , 0.082
Uu1YwIEmDIGcmuyobXIgIRxi7BcX9G5W , 4 , 195.130.124.2 , 0.674821 , -1 , 0.068
Tracy McGrady , 4 , 195.130.124.2 , 0.795552 , 0.17 , 0.064
284RFmjdTU5LHagBuyLVvueFNFwWjihj , 4 , 194.105.32.3 , 0.635128 , -1 , -1 ,
Amanda Bynes , 5 , 195.130.124.2 , 0.883016 , 0.2 , 0.081
ka90EXpdnNTpQYW9gzd6QLE2zk1k5JPs , 5 , 195.130.124.2 , 0.617947 , -1 , 0.071
Pat Summerall , 5 , 195.130.124.2 , 0.695507 , 0.15 , 0.062
vMUJMdXyyKYkYYbnHfUzc9tDv9byOMjm , 5 , 195.130.124.2 , 0.660902 , -1 , 0.077
ricin , 5 , 195.130.124.2 , 0.636271 , 0.1 , 0.094
MITbC0cuiEWfasulgmKA3lIOudgbJbkH , 5 , 194.44.214.37 , 0.735448 , -1 , 72.9
American Airlines , 5 , 195.130.124.2 , 0.691357 , 0.15 , 0.07
U6oLJ5AI9DZ8CesdG7krztcvSfJzyUpb , 5 , 195.130.124.2 , 0.654527 , -1 , 0.086
Huffington Post , 5 , 195.130.124.2 , 0.738424 , 0.13 , 0.066
5q90fGLf3fJdadBjKc9xndOyrJtN6qvw , 5 , 46.235.73.11 , 0.658168 , -1 , -1 ,
Krystle Campbell , 5 , 195.130.124.2 , 0.739587 , 0.14 , 0.058
6B3NcgD6iT95a0EisDYV5dSPjRLFnm0f , 5 , 195.130.124.2 , 0.603673 , -1 , 0.074
Girls Love Beyonce , 5 , 195.130.124.2 , 0.626789 , 0.19 , 0.075
dE48B45pdljXcpO5WWq70UPGL21vlQ8R , 5 , 195.130.124.2 , 0.623868 , -1 , 0.062
Carlos Arredondo , 5 , 195.130.124.2 , 0.688209 , 0.16 , 0.054
lf5d3JbgObEGVts6SyqjMiAlXKg0J3N3 , 5 , 195.130.124.2 , 0.565974 , -1 , 0.071
Friends , 5 , 195.130.124.2 , 0.87321 , 0.16 , 0.064
Uu1YwIEmDIGcmuyobXIgIRxi7BcX9G5W , 5 , 195.130.124.2 , 0.678362 , -1 , 0.079
Tracy McGrady , 5 , 195.130.124.2 , 0.870111 , 0.12 , 0.064
284RFmjdTU5LHagBuyLVvueFNFwWjihj , 5 , 195.130.124.2 , 0.565196 , -1 , 0.084
Amanda Bynes , 6 , 195.130.124.2 , 0.809376 , 0.19 , 0.075
ka90EXpdnNTpQYW9gzd6QLE2zk1k5JPs , 6 , 195.130.124.2 , 0.612133 , -1 , 0.074
Pat Summerall , 6 , 195.130.124.2 , 0.760404 , 0.18 , 0.088
vMUJMdXyyKYkYYbnHfUzc9tDv9byOMjm , 6 , 195.130.124.2 , 0.612972 , -1 , 0.08
ricin , 6 , 195.130.124.2 , 0.676032 , 0.1 , 0.084
MITbC0cuiEWfasulgmKA3lIOudgbJbkH , 6 , 195.130.124.2 , 0.656759 , -1 , 0.089
American Airlines , 6 , 195.130.124.2 , 0.673572 , 0.17 , 0.077
U6oLJ5AI9DZ8CesdG7krztcvSfJzyUpb , 6 , 195.130.124.2 , 0.730216 , -1 , 0.078
Huffington Post , 6 , 195.130.124.2 , 0.704557 , 0.15 , 0.063
5q90fGLf3fJdadBjKc9xndOyrJtN6qvw , 6 , 195.130.124.2 , 0.617469 , -1 , 0.082
Krystle Campbell , 6 , 195.130.124.2 , 0.696786 , 0.29 , 0.077
6B3NcgD6iT95a0EisDYV5dSPjRLFnm0f , 6 , None , 0.584446 , -1 , -1 ,
Girls Love Beyonce , 6 , 195.130.124.2 , 0.691679 , 0.16 , 0.081
dE48B45pdljXcpO5WWq70UPGL21vlQ8R , 6 , 195.130.124.2 , 0.589049 , -1 , 0.089
Carlos Arredondo , 6 , 195.130.124.2 , 0.683317 , 0.17 , 0.057
lf5d3JbgObEGVts6SyqjMiAlXKg0J3N3 , 6 , 195.130.124.2 , 0.569206 , -1 , 0.088
Friends , 6 , 195.130.124.2 , 0.787652 , 0.2 , 0.079
Uu1YwIEmDIGcmuyobXIgIRxi7BcX9G5W , 6 , 193.46.187.252 , 0.632034 , -1 , 74.9
Tracy McGrady , 6 , 195.130.124.2 , 0.802267 , 0.18 , 0.081
284RFmjdTU5LHagBuyLVvueFNFwWjihj , 6 , 208.69.33.21 , 0.64928 , -1 , 51.5
Amanda Bynes , 7 , 195.130.124.2 , 0.769839 , 0.16 , 0.086
ka90EXpdnNTpQYW9gzd6QLE2zk1k5JPs , 7 , 195.130.124.2 , 0.573917 , -1 , 0.08
Pat Summerall , 7 , 195.130.124.2 , 0.727641 , 0.19 , 0.072
vMUJMdXyyKYkYYbnHfUzc9tDv9byOMjm , 7 , 195.130.124.2 , 0.631967 , -1 , 0.077
ricin , 7 , 195.130.124.2 , 0.689786 , 0.11 , 0.061
MITbC0cuiEWfasulgmKA3lIOudgbJbkH , 7 , 195.130.124.2 , 0.567666 , -1 , 0.083
American Airlines , 7 , 212.39.93.164 , 0.673602 , 0.15 , 83.7
U6oLJ5AI9DZ8CesdG7krztcvSfJzyUpb , 7 , 195.130.124.2 , 0.566459 , -1 , 0.073
Huffington Post , 7 , 195.130.124.2 , 0.790714 , 0.14 , 0.068
5q90fGLf3fJdadBjKc9xndOyrJtN6qvw , 7 , 195.130.124.2 , 0.633681 , -1 , 0.09
Krystle Campbell , 7 , 195.130.124.2 , 0.749123 , 0.18 , 0.072
6B3NcgD6iT95a0EisDYV5dSPjRLFnm0f , 7 , 195.130.124.2 , 0.607234 , -1 , 0.078
Girls Love Beyonce , 7 , 195.130.124.2 , 0.777589 , 0.17 , 0.066
dE48B45pdljXcpO5WWq70UPGL21vlQ8R , 7 , 195.130.124.2 , 0.54702 , -1 , 0.068
Carlos Arredondo , 7 , 130.95.5.7 , 0.862762 , 0.16 , -1 ,
lf5d3JbgObEGVts6SyqjMiAlXKg0J3N3 , 7 , 130.95.5.8 , 0.663691 , -1 , -1 ,
Friends , 7 , 195.130.124.2 , 0.824319 , 0.19 , 0.081
Uu1YwIEmDIGcmuyobXIgIRxi7BcX9G5W , 7 , 195.130.124.2 , 0.585365 , -1 , 0.057
Tracy McGrady , 7 , 195.130.124.2 , 0.805407 , 0.21 , 0.072
284RFmjdTU5LHagBuyLVvueFNFwWjihj , 7 , 195.130.124.2 , 0.747205 , -1 , 0.088
Amanda Bynes , 8 , 195.130.124.2 , 0.766923 , 0.16 , 0.081
ka90EXpdnNTpQYW9gzd6QLE2zk1k5JPs , 8 , 195.130.124.2 , 0.64226 , -1 , 0.09
Pat Summerall , 8 , 195.130.124.2 , 0.778814 , 0.21 , 0.069
vMUJMdXyyKYkYYbnHfUzc9tDv9byOMjm , 8 , 195.130.124.2 , 0.698233 , -1 , 0.101
ricin , 8 , 195.130.124.2 , 0.63952 , 0.09 , 0.08
MITbC0cuiEWfasulgmKA3lIOudgbJbkH , 8 , 195.130.124.2 , 0.640481 , -1 , 0.082
American Airlines , 8 , 195.130.124.2 , 0.712268 , 0.19 , 0.082
U6oLJ5AI9DZ8CesdG7krztcvSfJzyUpb , 8 , 195.130.124.2 , 0.612781 , -1 , 0.076
Huffington Post , 8 , 195.130.124.2 , 0.7175 , 0.19 , 0.085
5q90fGLf3fJdadBjKc9xndOyrJtN6qvw , 8 , 195.130.124.2 , 0.640812 , -1 , 0.063
Krystle Campbell , 8 , 195.130.124.2 , 0.766481 , 0.15 , 0.074
6B3NcgD6iT95a0EisDYV5dSPjRLFnm0f , 8 , 62.215.9.242 , 0.599368 , -1 , -1 ,
Girls Love Beyonce , 8 , 195.130.124.2 , 0.716446 , 0.2 , 0.07
dE48B45pdljXcpO5WWq70UPGL21vlQ8R , 8 , 192.221.144.17 , 0.630123 , -1 , -1 ,
Carlos Arredondo , 8 , 195.130.124.2 , 0.789266 , 0.18 , 0.076
lf5d3JbgObEGVts6SyqjMiAlXKg0J3N3 , 8 , 195.130.124.2 , 0.615697 , -1 , 0.062
Friends , 8 , 195.130.124.2 , 0.92139 , 0.18 , 0.057
Uu1YwIEmDIGcmuyobXIgIRxi7BcX9G5W , 8 , 195.130.124.2 , 0.65378 , -1 , 0.058
Tracy McGrady , 8 , 195.130.124.2 , 0.796013 , 0.17 , 0.065
284RFmjdTU5LHagBuyLVvueFNFwWjihj , 8 , 195.130.124.2 , 0.649472 , -1 , 0.066
Amanda Bynes , 9 , 195.130.124.2 , 0.75839 , 0.22 , 0.072
ka90EXpdnNTpQYW9gzd6QLE2zk1k5JPs , 9 , 195.130.124.2 , 0.675316 , -1 , 0.085
Pat Summerall , 9 , 196.29.212.2 , 0.743135 , 0.19 , -1 ,
vMUJMdXyyKYkYYbnHfUzc9tDv9byOMjm , 9 , 195.130.124.2 , 0.669164 , -1 , 0.076
ricin , 9 , 195.130.124.2 , 0.672255 , 0.13 , 0.066
MITbC0cuiEWfasulgmKA3lIOudgbJbkH , 9 , 195.130.124.2 , 0.633959 , -1 , 0.065
American Airlines , 9 , 173.194.98.22 , 0.701251 , 0.21 , 87.6
U6oLJ5AI9DZ8CesdG7krztcvSfJzyUpb , 9 , 195.130.124.2 , 0.580434 , -1 , 0.073
Huffington Post , 9 , 195.130.124.2 , 0.733938 , 0.14 , 0.087
5q90fGLf3fJdadBjKc9xndOyrJtN6qvw , 9 , 193.2.1.102 , 0.618219 , -1 , 45.9
Krystle Campbell , 9 , 195.130.124.2 , 0.72017 , 0.15 , 0.067
6B3NcgD6iT95a0EisDYV5dSPjRLFnm0f , 9 , 195.130.124.2 , 0.648843 , -1 , 0.075
Girls Love Beyonce , 9 , 195.130.124.2 , 0.698426 , 0.15 , 0.081
dE48B45pdljXcpO5WWq70UPGL21vlQ8R , 9 , 195.130.124.2 , 0.612399 , -1 , 0.094
Carlos Arredondo , 9 , 195.130.124.2 , 0.685498 , 0.15 , 0.079
lf5d3JbgObEGVts6SyqjMiAlXKg0J3N3 , 9 , 195.130.124.2 , 0.586955 , -1 , 0.085
Friends , 9 , 195.130.124.2 , 0.735072 , 0.19 , 0.079
Uu1YwIEmDIGcmuyobXIgIRxi7BcX9G5W , 9 , 195.130.124.2 , 0.574294 , -1 , 0.07
Tracy McGrady , 9 , 195.130.124.2 , 0.707737 , 0.13 , 0.08
284RFmjdTU5LHagBuyLVvueFNFwWjihj , 9 , 195.130.124.2 , 0.601927 , -1 , 0.069
Amanda Bynes , 0 , 195.130.124.2 , 0.732413 , 0.18 , 0.082
yVV7fxYlGoDYiUfC3kg02UaDrmaSeKba , 0 , 195.130.124.2 , 0.611364 , -1 , 0.075
Man of Steel , 0 , 195.130.124.2 , 0.742641 , 0.22 , 0.052
nYd4j7zYN0Jjjo7fIjwDY4NhE9LheUo9 , 0 , 195.130.124.2 , 0.588792 , -1 , 0.072
Ricin , 0 , 180.87.131.3 , 0.706125 , 0.12 , -1 ,
qebOOggdz4bAc2zhmVom2BPv0aaeyJxm , 0 , 195.130.124.2 , 0.813993 , -1 , 0.059
Pat Summerall , 0 , 195.130.124.2 , 0.955981 , 0.16 , 0.066
YktDHMgbiYfMGSb5cpDs4u1Zr7HPsHWr , 0 , 195.130.124.2 , 0.690923 , -1 , 0.059
American Airlines , 0 , 195.130.124.2 , 0.653645 , 0.14 , 0.068
D0rVk3fPVwm9FupjLD9n93s8fZ0rq60d , 0 , 195.130.124.2 , 0.651199 , -1 , 0.07
Huffington Post , 0 , 195.130.124.2 , 0.643108 , 0.16 , 0.059
zA05IUderrFdhOXw3WMPuk6EHuOnikY2 , 0 , 195.130.124.2 , 0.637433 , -1 , 0.058
Krystle Campbell , 0 , 195.130.124.2 , 0.679036 , 0.16 , 0.077
p1JBr7w0UIm5G974eFIAEv0NOm1litdI , 0 , 195.130.124.2 , 0.661938 , -1 , 0.06
Girls Love Beyonce , 0 , 195.130.124.2 , 0.637957 , 0.15 , 0.082
TMVNyVsPjLCO9cp1B8t9yENG8H33xPoZ , 0 , 195.130.124.2 , 0.622908 , -1 , 0.076
Carlos Arredondo , 0 , 195.130.124.2 , 0.754164 , 0.17 , 0.078
jKqGd2HL7XPLWSZc6uKF9ps4CH7YhCvh , 0 , 195.130.124.2 , 0.616231 , -1 , 0.085
Friends , 0 , 195.130.124.2 , 0.825693 , 0.19 , 0.074
v20hrlnZZ4wOfMc6S1bllBOBp7e52bXD , 0 , 203.119.36.106 , 0.624727 , -1 , -1 ,
Amanda Bynes , 1 , 183.91.0.70 , 0.728328 , 0.25 , -1 ,
yVV7fxYlGoDYiUfC3kg02UaDrmaSeKba , 1 , 216.66.80.162 , 0.632621 , -1 , 73.6
Man of Steel , 1 , 195.130.124.2 , 0.818819 , 0.2 , 0.055
nYd4j7zYN0Jjjo7fIjwDY4NhE9LheUo9 , 1 , 194.90.1.185 , 0.651499 , -1 , -1 ,
Ricin , 1 , 193.125.98.3 , 0.610929 , 0.1 , 89.0
qebOOggdz4bAc2zhmVom2BPv0aaeyJxm , 1 , 195.130.124.2 , 0.648475 , -1 , 0.055
Pat Summerall , 1 , 195.130.124.2 , 0.657378 , 0.12 , 0.065
YktDHMgbiYfMGSb5cpDs4u1Zr7HPsHWr , 1 , 195.130.124.2 , 0.609321 , -1 , 0.067
American Airlines , 1 , 41.75.80.85 , 0.645811 , 0.24 , -1 ,
D0rVk3fPVwm9FupjLD9n93s8fZ0rq60d , 1 , 195.130.124.2 , 0.665732 , -1 , 0.072
Huffington Post , 1 , 203.62.252.129 , 0.729972 , 0.13 , -1 ,
zA05IUderrFdhOXw3WMPuk6EHuOnikY2 , 1 , 195.130.124.2 , 0.643939 , -1 , 0.06
Krystle Campbell , 1 , 195.130.124.2 , 0.672324 , 0.15 , 0.064
p1JBr7w0UIm5G974eFIAEv0NOm1litdI , 1 , 84.205.98.130 , 0.656051 , -1 , -1 ,
Girls Love Beyonce , 1 , 203.62.252.106 , 0.645929 , 0.15 , -1 ,
TMVNyVsPjLCO9cp1B8t9yENG8H33xPoZ , 1 , 195.130.124.2 , 0.656204 , -1 , 0.071
Carlos Arredondo , 1 , 94.241.128.3 , 0.653546 , 0.13 , -1 ,
jKqGd2HL7XPLWSZc6uKF9ps4CH7YhCvh , 1 , 195.28.162.2 , 0.626491 , -1 , 83.5
Friends , 1 , 195.130.124.2 , 0.821034 , 0.17 , 0.066
v20hrlnZZ4wOfMc6S1bllBOBp7e52bXD , 1 , 195.130.124.2 , 0.656498 , -1 , 0.061
Amanda Bynes , 2 , 195.130.124.2 , 0.790223 , 0.22 , 0.065
yVV7fxYlGoDYiUfC3kg02UaDrmaSeKba , 2 , 195.130.124.2 , 0.583721 , -1 , 0.067
Man of Steel , 2 , 85.122.91.2 , 0.840502 , 0.28 , 87.4
nYd4j7zYN0Jjjo7fIjwDY4NhE9LheUo9 , 2 , None , 0.642555 , -1 , -1 ,
Ricin , 2 , 195.130.124.2 , 0.638694 , 0.12 , 0.088
qebOOggdz4bAc2zhmVom2BPv0aaeyJxm , 2 , 203.89.250.58 , 0.627413 , -1 , -1 ,
Pat Summerall , 2 , 195.130.124.2 , 0.767546 , 0.21 , 0.081
YktDHMgbiYfMGSb5cpDs4u1Zr7HPsHWr , 2 , 195.130.124.2 , 0.656272 , -1 , 0.064
American Airlines , 2 , 195.130.124.2 , 0.657483 , 0.23 , 0.071
D0rVk3fPVwm9FupjLD9n93s8fZ0rq60d , 2 , None , 0.627725 , -1 , -1 ,
Huffington Post , 2 , 195.130.124.2 , 0.614975 , 0.16 , 0.092
zA05IUderrFdhOXw3WMPuk6EHuOnikY2 , 2 , 195.130.124.2 , 0.625345 , -1 , 0.058
Krystle Campbell , 2 , 195.130.124.2 , 0.684154 , 0.16 , 0.065
p1JBr7w0UIm5G974eFIAEv0NOm1litdI , 2 , 195.130.124.2 , 0.673157 , -1 , 0.062
Girls Love Beyonce , 2 , 195.130.124.2 , 0.654705 , 0.17 , 0.063
TMVNyVsPjLCO9cp1B8t9yENG8H33xPoZ , 2 , 195.130.124.2 , 0.619894 , -1 , 0.08
Carlos Arredondo , 2 , None , 0.717522 , 0.19 , -1 ,
jKqGd2HL7XPLWSZc6uKF9ps4CH7YhCvh , 2 , 195.130.124.2 , 0.632381 , -1 , 0.07
Friends , 2 , 109.175.14.10 , 0.845116 , 0.2 , -1 ,
v20hrlnZZ4wOfMc6S1bllBOBp7e52bXD , 2 , 195.130.124.2 , 0.574654 , -1 , 0.088
Amanda Bynes , 3 , 89.111.65.4 , 0.800697 , 0.16 , 65.3
yVV7fxYlGoDYiUfC3kg02UaDrmaSeKba , 3 , 192.221.158.39 , 0.684464 , -1 , -1 ,
Man of Steel , 3 , 195.130.124.2 , 0.726291 , 0.25 , 0.064
nYd4j7zYN0Jjjo7fIjwDY4NhE9LheUo9 , 3 , 195.130.124.2 , 0.583185 , -1 , 0.07
Ricin , 3 , 195.130.124.2 , 0.64678 , 0.12 , 0.067
qebOOggdz4bAc2zhmVom2BPv0aaeyJxm , 3 , 195.130.124.2 , 0.67659 , -1 , 0.052
Pat Summerall , 3 , 195.130.124.2 , 0.802095 , 0.17 , 0.059
YktDHMgbiYfMGSb5cpDs4u1Zr7HPsHWr , 3 , None , 0.709372 , -1 , -1 ,
American Airlines , 3 , 195.130.124.2 , 0.692466 , 0.13 , 0.052
D0rVk3fPVwm9FupjLD9n93s8fZ0rq60d , 3 , 195.130.124.2 , 0.627525 , -1 , 0.069
Huffington Post , 3 , 195.130.124.2 , 0.660436 , 0.13 , 0.051
zA05IUderrFdhOXw3WMPuk6EHuOnikY2 , 3 , 195.130.124.2 , 0.694555 , -1 , 0.061
Krystle Campbell , 3 , 195.130.124.2 , 0.773166 , 0.13 , 0.059
p1JBr7w0UIm5G974eFIAEv0NOm1litdI , 3 , 195.130.124.2 , 0.643745 , -1 , 0.066
Girls Love Beyonce , 3 , 195.130.124.2 , 0.641527 , 0.13 , 0.087
TMVNyVsPjLCO9cp1B8t9yENG8H33xPoZ , 3 , 195.130.124.2 , 0.602326 , -1 , 0.064
Carlos Arredondo , 3 , 192.221.146.7 , 0.643579 , 0.11 , -1 ,
jKqGd2HL7XPLWSZc6uKF9ps4CH7YhCvh , 3 , None , 0.62982 , -1 , -1 ,
Friends , 3 , 195.130.124.2 , 0.853697 , 0.16 , 0.069
v20hrlnZZ4wOfMc6S1bllBOBp7e52bXD , 3 , 195.130.124.2 , 0.616218 , -1 , 0.07
Amanda Bynes , 4 , 195.130.124.2 , 0.762158 , 0.17 , 0.069
yVV7fxYlGoDYiUfC3kg02UaDrmaSeKba , 4 , 195.130.124.2 , 0.648019 , -1 , 0.064
Man of Steel , 4 , 195.130.124.2 , 0.884853 , 0.24 , 0.06
nYd4j7zYN0Jjjo7fIjwDY4NhE9LheUo9 , 4 , 195.130.124.2 , 0.654173 , -1 , 0.072
Ricin , 4 , 195.130.124.2 , 0.662053 , 0.11 , 0.074
qebOOggdz4bAc2zhmVom2BPv0aaeyJxm , 4 , 195.130.124.2 , 0.657484 , -1 , 0.062
Pat Summerall , 4 , 195.130.124.2 , 0.817896 , 0.15 , 0.052
YktDHMgbiYfMGSb5cpDs4u1Zr7HPsHWr , 4 , 195.130.124.2 , 0.579043 , -1 , 0.059
American Airlines , 4 , 195.130.124.2 , 0.648939 , 0.36 , 0.063
D0rVk3fPVwm9FupjLD9n93s8fZ0rq60d , 4 , 195.130.124.2 , 0.627331 , -1 , 0.077
Huffington Post , 4 , 195.130.124.2 , 0.714156 , 0.15 , 0.087
zA05IUderrFdhOXw3WMPuk6EHuOnikY2 , 4 , 195.130.124.2 , 0.57961 , -1 , 0.063
Krystle Campbell , 4 , 195.130.124.2 , 0.693105 , 0.16 , 0.066
p1JBr7w0UIm5G974eFIAEv0NOm1litdI , 4 , 89.35.33.235 , 0.663994 , -1 , -1 ,
Girls Love Beyonce , 4 , 196.29.212.2 , 0.652992 , 0.18 , -1 ,
TMVNyVsPjLCO9cp1B8t9yENG8H33xPoZ , 4 , 192.221.146.217 , 0.641492 , -1 , -1 ,
Carlos Arredondo , 4 , 195.130.124.2 , 0.70661 , 0.19 , 0.065
jKqGd2HL7XPLWSZc6uKF9ps4CH7YhCvh , 4 , 202.162.6.9 , 0.576533 , -1 , -1 ,
Friends , 4 , 195.130.124.2 , 0.910707 , 0.19 , 0.062
v20hrlnZZ4wOfMc6S1bllBOBp7e52bXD , 4 , 195.130.124.2 , 0.671751 , -1 , 0.067
Amanda Bynes , 5 , 195.130.124.2 , 0.781195 , 0.18 , 0.075
yVV7fxYlGoDYiUfC3kg02UaDrmaSeKba , 5 , 195.130.124.2 , 0.632481 , -1 , 0.064
Man of Steel , 5 , 195.130.124.2 , 0.735891 , 0.27 , 0.064
nYd4j7zYN0Jjjo7fIjwDY4NhE9LheUo9 , 5 , 87.253.13.14 , 0.661379 , -1 , -1 ,
Ricin , 5 , 195.130.124.2 , 0.618813 , 0.19 , 0.074
qebOOggdz4bAc2zhmVom2BPv0aaeyJxm , 5 , 195.130.124.2 , 0.693491 , -1 , 0.07
Pat Summerall , 5 , 203.34.137.11 , 0.754857 , 0.18 , -1 ,
YktDHMgbiYfMGSb5cpDs4u1Zr7HPsHWr , 5 , 195.130.124.2 , 0.572643 , -1 , 0.078
American Airlines , 5 , None , 0.661778 , 0.16 , -1 ,
D0rVk3fPVwm9FupjLD9n93s8fZ0rq60d , 5 , 195.130.124.2 , 0.681569 , -1 , 0.088
Huffington Post , 5 , 195.130.124.2 , 0.665439 , 0.14 , 0.07
zA05IUderrFdhOXw3WMPuk6EHuOnikY2 , 5 , None , 0.676404 , -1 , -1 ,
Krystle Campbell , 5 , 195.130.124.2 , 0.726726 , 0.12 , 0.068
p1JBr7w0UIm5G974eFIAEv0NOm1litdI , 5 , 195.130.124.2 , 0.56378 , -1 , 0.063
Girls Love Beyonce , 5 , 195.130.124.2 , 0.595337 , 0.14 , 0.066
TMVNyVsPjLCO9cp1B8t9yENG8H33xPoZ , 5 , 195.130.124.2 , 0.554345 , -1 , 0.072
Carlos Arredondo , 5 , 195.130.124.2 , 0.774448 , 0.14 , 0.048
jKqGd2HL7XPLWSZc6uKF9ps4CH7YhCvh , 5 , 144.232.2.182 , 0.582363 , -1 , -1 ,
Friends , 5 , 85.185.163.123 , 0.802601 , 0.19 , -1 ,
v20hrlnZZ4wOfMc6S1bllBOBp7e52bXD , 5 , 203.14.6.86 , 0.556282 , -1 , -1 ,
Amanda Bynes , 6 , 195.130.124.2 , 0.767609 , 0.2 , 0.075
yVV7fxYlGoDYiUfC3kg02UaDrmaSeKba , 6 , 195.130.124.2 , 0.555792 , -1 , 0.06
Man of Steel , 6 , 195.130.124.2 , 0.745004 , 0.2 , 0.066
nYd4j7zYN0Jjjo7fIjwDY4NhE9LheUo9 , 6 , 62.211.76.211 , 0.598217 , -1 , -1 ,
Ricin , 6 , 195.130.124.2 , 0.616289 , 0.15 , 0.067
qebOOggdz4bAc2zhmVom2BPv0aaeyJxm , 6 , 203.18.102.130 , 0.557426 , -1 , -1 ,
Pat Summerall , 6 , 74.125.189.16 , 0.793602 , 0.2 , 55.6
YktDHMgbiYfMGSb5cpDs4u1Zr7HPsHWr , 6 , 195.130.124.2 , 0.571141 , -1 , 0.064
American Airlines , 6 , 195.130.124.2 , 0.608486 , 0.14 , 0.063
D0rVk3fPVwm9FupjLD9n93s8fZ0rq60d , 6 , 195.130.124.2 , 0.562619 , -1 , 0.074
Huffington Post , 6 , 195.130.124.2 , 0.689398 , 0.13 , 0.075
